,cbo_descricao_rais,soma_quantidade,percentual_quantidade,soma_valor,percentual_valor
0,ASSISTENTE ADMINISTRATIVO,4936,0.08202060485211034,47749655.98,0.07855991850338624
1,PROFESSOR DE NIVEL MEDIO NO ENSINO FUNDAMENTAL,2221,0.03690594882020605,26266309.39,0.04321453385815847
2,AUXILIAR DE ESCRITORIO EM GERAL,2604,0.04327018943170489,22148387.76,0.036439540802886375
3,DIRIGENTE DO SERVICO PUBLICO MUNICIPAL,2074,0.03446327683615819,21190394.39,0.03486340628360299
4,PROFESSOR DE NIVEL SUPERIOR DO ENSINO FUNDAMENTAL (PRIMEIRA A QUARTA SERIE),1841,0.03059155865736125,18610977.54,0.030619631676993535
5,PROFESSOR DE ENSINO SUPERIOR NA AREA DE DIDATICA,608,0.010103024260551678,14735358.62,0.02424328612524948
6,PROFESSOR DA  EDUCACAO DE JOVENS E ADULTOS DO ENSINO FUNDAMENTAL (PRIMEIRA A QUARTA SERIE),1399,0.023246925888999667,14248294.74,0.023441946347330038
7,VENDEDOR DE COMERCIO VAREJISTA,1604,0.026653373213692256,13283948.91,0.02185536047023781
8,PROFESSOR DE DISCIPLINAS PEDAGOGICAS NO ENSINO MEDIO,938,0.015586573612495845,12931757.28,0.021275918688249608
9,DIRIGENTE DO SERVICO PUBLICO ESTADUAL E DISTRITAL,824,0.013692256563642407,10441911.02,0.017179509714046963
10,SUPERVISOR ADMINISTRATIVO,947,0.01573612495845796,9992091.04,0.01643944530426784
11,EDUCADOR SOCIAL,656,0.010900631439016284,9322332.88,0.015337528538865046
12,FAXINEIRO,1488,0.02472582253240279,9073447.2,0.014928050431930632
13,PROFESSOR DE EDUCACAO ARTISTICA DO ENSINO FUNDAMENTAL,471,0.007826520438683949,7991543.44,0.013148052870278941
14,SECRETARIA(O)  EXECUTIVA(O),482,0.008009305417082087,6266267.93,0.010309550672100628
15,INSTRUTOR DE CURSOS LIVRES,420,0.006979062811565304,6133074.59,0.01009041489570935
16,RECEPCIONISTA EM GERAL,657,0.010917248255234296,5999292.49,0.00987031046443106
17,OPERADOR DE TELEMARKETING ATIVO E RECEPTIVO,371,0.006164838816882685,5989562.59,0.009854302387820701
18,TRABALHADOR DE SERVICOS DE LIMPEZA E CONSERVACAO DE AREAS PUBLICAS,916,0.015221003655699568,5417665.14,0.008913390539510995
19,PROFESSOR DE NIVEL SUPERIOR NA EDUCACAO INFANTIL (QUATRO A SEIS ANOS),447,0.007427716849451645,4811828.8,0.007916640876712904
20,VIGIA,626,0.010402126952475905,4342395.17,0.007144307192654627
21,PRODUTOR CULTURAL,331,0.00550016616816218,4182134.16,0.006880638447268404
22,VIGILANTE,609,0.010119641076769692,4088109.5,0.006725944775129646
23,ALIMENTADOR DE LINHA DE PRODUCAO,529,0.00879029577932868,4018070.91,0.006610714082686612
24,GERENTE ADMINISTRATIVO,372,0.0061814556331006975,4016679.98,0.006608425661017361
25,ADMINISTRADOR,293,0.0048687271518777,4004823.08,0.0065889181466995
26,COORDENADOR PEDAGOGICO,345,0.005732801595214357,3878730.87,0.006381465474251747
27,PROFESSORES DE CURSOS LIVRES,272,0.004519774011299435,3836973.35,0.006312764091995138
28,ENTREVISTADOR CENSITARIO E DE PESQUISAS AMOSTRAIS,431,0.007161847789963443,3836846.9899999998,0.00631255619874233
29,AGENTE COMUNITARIO DE SAUDE,577,0.009587902957793286,3729484.47,0.006135918469141705
30,INSPETOR DE ALUNOS DE ESCOLA PUBLICA,379,0.006297773346626787,3696470.5,0.0060816023753512164
31,ORIENTADOR EDUCACIONAL,367,0.006098371552010635,3652689.62,0.006009572068656501
32,PROFESSOR DE ENSINO SUPERIOR NA AREA DE PRATICA DE ENSINO,187,0.0031073446327683617,3618739.89,0.0059537164197042015
33,AUXILIAR DE DESENVOLVIMENTO INFANTIL,388,0.0064473246925889,3614001.82,0.005945921130179618
34,RECREADOR,291,0.004835493519441675,3349399.61,0.005510585469078256
35,PROFESSOR DE NIVEL MEDIO NA EDUCACAO INFANTIL,358,0.005948820206048521,3325250.5,0.005470854248515664
36,PORTEIRO DE EDIFICIOS,393,0.0065304087736789635,3278143.32,0.005393351360887019
37,PROFESSOR DE TECNOLOGIA E CALCULO TECNICO,205,0.0034064473246925887,3247941.3,0.005343661615879612
38,SERVENTE DE OBRAS,579,0.009621136590229312,3181476.58,0.005234310817860514
39,OPERADOR DE CAIXA,461,0.007660352276503822,3034718.64,0.0049928579409863035
40,PROFESSOR DE ENSINO SUPERIOR NA AREA DE ORIENTACAO EDUCACIONAL,285,0.004735792622133599,2990520.86,0.0049201417313389515
41,PROFESSOR DE ARTES NO ENSINO MEDIO,226,0.0037554004652708543,2987877.34,0.004915792491297326
42,DIRETOR ADMINISTRATIVO,322,0.005350614822200067,2974253.98,0.004893378716174201
43,PROFESSOR DE DANCA,160,0.0026586905948820204,2857820.55,0.004701817110459158
44,ATENDENTE DE LOJAS E MERCADOS,346,0.005749418411432369,2823617.8,0.00464554518142752
45,COZINHEIRO GERAL,414,0.006879361914257229,2823368.71,0.004645135367163974
46,ASSISTENTE SOCIAL,241,0.004004652708541044,2587984.9,0.004257871154446675
47,ANALISTA DE PESQUISA DE MERCADO,103,0.0017115320704553009,2510958.17,0.004131143254377261
48,TRABALHADOR DA MANUTENCAO DE EDIFICACOES,331,0.00550016616816218,2504937.08,0.00412123708165217
49,TECNICO DE ENFERMAGEM,364,0.006048521103356597,2420465.0,0.0039822597511476095
50,PROFESSOR DE LINGUA PORTUGUESA DO ENSINO FUNDAMENTAL,150,0.0024925224327018943,2300897.05,0.0037855410897283245
51,PEDAGOGO,148,0.002459288800265869,2250047.37,0.00370188086988514
52,PROFESSOR DE EDUCACAO FISICA DO ENSINO FUNDAMENTAL,156,0.00259222333000997,2195530.38,0.003612187023855258
53,AGENTE DE ACAO SOCIAL,177,0.0029411764705882353,2160137.71,0.003553957384002317
54,ZELADOR DE EDIFICIO,271,0.004503157195081422,2153922.83,0.003543732379103584
55,BIBLIOTECARIO,59,0.000980392156862745,2099805.88,0.0034546966971830155
56,ATENDENTE DE LANCHONETE,183,0.003040877367896311,2058498.73,0.0033867362842542534
57,MOTORISTA DE CARRO DE PASSEIO,358,0.005948820206048521,2044108.23,0.003363060375307464
58,DESENHISTA INDUSTRIAL GRAFICO (DESIGNER GRAFICO),138,0.0022931206380857427,1951192.99,0.0032101919717072384
59,MUSICO INTERPRETE INSTRUMENTISTA,174,0.0028913260219341976,1928475.98,0.003172816907581371
60,GERENTE DE SERVICOS CULTURAIS,92,0.0015287470920571618,1826438.76,0.0030049406051663417
61,ALMOXARIFE,209,0.0034729145895646394,1814741.95,0.0029856964782403912
62,REPOSITOR DE MERCADORIAS,321,0.005333998005982054,1808743.06,0.0029758268299709214
63,MOTORISTA DE CAMINHAO (ROTAS REGIONAIS E INTERNACIONAIS),313,0.005201063476237952,1800225.51,0.00296181336704401
64,AUXILIAR NOS SERVICOS DE ALIMENTACAO,247,0.004104353605849119,1778268.36,0.002925688459352756
65,MUSICO REGENTE,147,0.0024426719840478566,1732154.68,0.002849820123375454
66,FRENTISTA,226,0.0037554004652708543,1726912.59,0.0028411955970886068
67,DIRIGENTE DO SERVICO PUBLICO FEDERAL,122,0.002027251578597541,1707631.68,0.0028094737618798763
68,PROMOTOR DE VENDAS,151,0.002509139248919907,1707254.65,0.002808853454875241
69,PSICOLOGO CLINICO,100,0.001661681621801263,1676004.29,0.0027574389329396323
70,PROFESSOR DE CIENCIAS EXATAS E NATURAIS DO ENSINO FUNDAMENTAL,151,0.002509139248919907,1671137.72,0.00274943222933634
71,ASSESSOR DE IMPRENSA,177,0.0029411764705882353,1640820.02,0.0026995521623007215
72,PROFESSOR DE LINGUA PORTUGUESA,78,0.001296111665004985,1592768.8,0.0026204960968754672
73,RECEPCIONISTA DE HOTEL,55,0.0009139248919906946,1542262.47,0.0025374007721601006
74,SECRETARIO - EXECUTIVO,150,0.0024925224327018943,1473067.17,0.0024235574990044946
75,ASSISTENTE DE VENDAS,135,0.002243270189431705,1447174.3699999999,0.002380957479882336
76,PEDREIRO,244,0.004054503157195082,1436996.37,0.002364212168651982
77,AUXILIAR DE LOGISTICA,128,0.0021269524759056167,1433772.48,0.002358908077335178
78,GARCOM,128,0.0021269524759056167,1426036.94,0.002346181213036214
79,TECNICO EM ADMINISTRACAO,105,0.001744765702891326,1411772.59,0.0023227128518406243
80,ANALISTA DE NEGOCIOS,119,0.0019774011299435027,1362784.05,0.0022421146646701903
81,ANALISTA DE DESENVOLVIMENTO DE SISTEMAS,85,0.0014124293785310734,1338060.11,0.0022014377074938674
82,AGENTE DE SAUDE PUBLICA,154,0.002558989697573945,1330242.37,0.0021885756039943596
83,DIRETOR DE INSTITUICAO EDUCACIONAL PUBLICA,123,0.0020438683948155534,1272819.67,0.002094101150939998
84,ENFERMEIRO,143,0.002376204719175806,1252304.51,0.0020603486711659245
85,PROFESSOR DE MUSICA NO ENSINO SUPERIOR,119,0.0019774011299435027,1240146.71,0.002040346102402277
86,PROFESSOR DE HISTORIA NO ENSINO MEDIO,69,0.0011465603190428714,1182770.97,0.0019459489100882752
87,JORNALISTA,76,0.0012628780325689597,1169978.67,0.001924902432897072
88,GERENTE DE SERVICOS SOCIAIS,90,0.0014955134596211367,1158983.6,0.0019068128407228205
89,EDITOR DE TV  E VIDEO,73,0.0012130275839149218,1153591.89,0.0018979421527670513
90,SUPERVISOR DE ENSINO,122,0.002027251578597541,1144948.3499999999,0.0018837214053282598
91,TECNICO EM SECRETARIADO,94,0.0015619807244931872,1137336.2,0.0018711975479022288
92,AUXILIAR DE CONTABILIDADE,108,0.001794616151545364,1083251.16,0.001782214365773502
93,CABO DA POLICIA MILITAR,61,0.0010136257892987704,1081780.7,0.0017797950977098563
94,DIGITADOR,153,0.002542372881355932,1069338.44,0.001759324522340531
95,PROFESSOR DE NIVEL SUPERIOR NA EDUCACAO INFANTIL (ZERO A TRES ANOS),91,0.0015121302758391492,1049991.48,0.0017274940186500984
96,ESTOQUISTA,78,0.001296111665004985,1021740.7,0.0016810145429574006
97,AUXILIAR DE PESSOAL,192,0.0031904287138584246,1015948.95,0.0016714856908923183
98,ATENDENTE DE FARMACIA - BALCONISTA,156,0.00259222333000997,997996.8,0.001641949992424642
99,CONTINUO,131,0.0021768029245596543,975882.33,0.0016055662546722012
100,PROFESSOR DE EDUCACAO FISICA NO ENSINO MEDIO,62,0.001030242605516783,973622.43,0.0016018481638046952
101,DIRETOR DE SERVICOS CULTURAIS,62,0.001030242605516783,969114.3,0.0015944311820875702
102,LOCUTOR DE RADIO E TELEVISAO,138,0.0022931206380857427,966911.19,0.001590806524726133
103,RECEPCIONISTA DE CONSULTORIO MEDICO OU DENTARIO,79,0.0013127284812229976,959064.0499999999,0.0015778960510016127
104,MOTORISTA DE FURGAO OU VEICULO SIMILAR,155,0.0025756065137919576,944499.56,0.001553933885747006
105,AUXILIAR DE MANUTENCAO PREDIAL,138,0.0022931206380857427,919888.49,0.0015134426274583399
106,PROFESSOR DE APRENDIZAGEM E TREINAMENTO COMERCIAL,64,0.0010634762379528083,919297.89,0.0015124709453191527
107,,101,0.0016782984380192755,918413.57,0.0015110160215986547
108,VARREDOR DE RUA,246,0.004087736789631107,904828.67,0.0014886655226270253
109,ELETRICISTA DE INSTALACOES,88,0.0014622798271851113,903218.74,0.0014860167921388072
110,PROFESSOR DE LINGUA INGLESA,50,0.0008308408109006315,888226.11,0.0014613502313693483
111,OPERADOR DE TELEMARKETING RECEPTIVO,58,0.0009637753406447325,886951.83,0.001459253727616684
112,GERENTE DE LOJA E SUPERMERCADO,70,0.001163177135260884,875630.35,0.0014406271107775962
113,PROFESSOR DE HISTORIA DO ENSINO FUNDAMENTAL,87,0.0014456630109670988,866801.4,0.0014261013183245368
114,VENDEDOR EM COMERCIO ATACADISTA,117,0.0019441674975074776,856293.36,0.0014088130101872784
115,SUPERVISOR DE ENTREVISTADORES E RECENSEADORES,77,0.0012794948487869725,833899.77,0.0013719700514414582
116,TRABALHADOR AGROPECUARIO EM GERAL,169,0.0028082419408441343,818199.77,0.0013461396931867355
117,COSTUREIRO NA CONFECCAO EM SERIE,114,0.0018943170488534397,816673.2,0.0013436281103841295
118,GERENTE DE VENDAS,59,0.000980392156862745,814789.73,0.0013405293393738097
119,ATENDENTE COMERCIAL (AGENCIA POSTAL),66,0.0010967098703888335,811379.21,0.0013349181958429244
120,GUARDA-CIVIL MUNICIPAL,127,0.0021103356596876037,801465.33,0.0013186074269197186
121,ESCRITURARIO DE BANCO,75,0.0012462612163509472,799174.39,0.0013148382676241726
122,EDITOR,31,0.0005151213027583915,788346.64,0.0012970239579685947
123,AJUDANTE DE MOTORISTA,133,0.0022100365569956795,784173.57,0.0012901582322920318
124,PROFESSOR DE ADMINISTRACAO,28,0.0004652708541043536,777725.61,0.0012795497535141897
125,AGENTE INDIGENA DE SAUDE,49,0.0008142239946826188,775621.99,0.0012760887816522916
126,SOCIOEDUCADOR,77,0.0012794948487869725,763732.55,0.0012565277310377673
127,CONTADOR,71,0.0011797939514788967,762481.25,0.0012544690350324084
128,GERENTE DE MARKETING,53,0.0008806912595546693,757624.8200000001,0.0012464790142210083
129,PREPARADOR FISICO,95,0.0015785975407111997,756615.36,0.001244818204447517
130,TECNICO DE CONTABILIDADE,17,0.0002824858757062147,749315.99,0.001232808946986767
131,PROFESSOR DE NIVEL MEDIO NO ENSINO PROFISSIONALIZANTE,68,0.0011299435028248588,744155.5700000001,0.001224318787920217
132,MOTOCICLISTA NO TRANSPORTE DE DOCUMENTOS E PEQUENOS VOLUMES,86,0.001429046194749086,707543.14,0.001164082343112831
133,ATOR,25,0.00041542040545031574,707047.89,0.0011632675351557831
134,TECNICO DE APOIO AO USUARIO DE INFORMATICA (HELPDESK),78,0.001296111665004985,706702.63,0.001162699497608584
135,MUSEOLOGO,17,0.0002824858757062147,704141.11,0.0011584851677183523
136,PROFESSOR INSTRUTOR DE ENSINO E APRENDIZAGEM EM SERVICOS,78,0.001296111665004985,702059.13,0.0011550597989744564
137,INSTRUTOR DE APRENDIZAGEM E TREINAMENTO INDUSTRIAL,32,0.0005317381189764042,701727.89,0.0011545148277726542
138,ARTISTA DE CIRCO (OUTROS),5,8.308408109006314e-05,698094.38,0.0011485368108922645
139,PRACA DO EXERCITO,63,0.0010468594217347956,695042.76,0.001143516146060591
140,AGENTE DE DEFESA AMBIENTAL,73,0.0012130275839149218,690795.35,0.001136528112815069
141,TECNICO EM MANUTENCAO DE EQUIPAMENTOS DE INFORMATICA,60,0.0009970089730807576,684732.17,0.001126552691696415
142,PROGRAMADOR DE SISTEMAS DE INFORMACAO,47,0.0007809903622465936,684631.75,0.0011263874761183296
143,ORGANIZADOR DE EVENTO,47,0.0007809903622465936,684127.15,0.0011255572851135314
144,SUPERVISOR DE VENDAS COMERCIAL,58,0.0009637753406447325,681661.24,0.0011215002571693337
145,AGENTE DE VENDAS DE SERVICOS,64,0.0010634762379528083,680244.52,0.0011191694046122234
146,CUIDADOR DE IDOSOS,69,0.0011465603190428714,679311.15,0.0011176337815877514
147,TECNICO DE SISTEMAS AUDIOVISUAIS,23,0.00038218677301429045,672798.61,0.0011069190528394577
148,PROFESSOR DE LINGUA E LITERATURA BRASILEIRA NO ENSINO MEDIO,65,0.001080093054170821,672155.07,0.0011058602713903338
149,PSICOLOGO SOCIAL,34,0.0005649717514124294,649098.3,0.0010679262185688853
150,PROFESSOR LEIGO NO ENSINO FUNDAMENTAL,83,0.001379195746095048,631942.61,0.001039700892530225
151,CARTEIRO,72,0.0011964107676969093,626920.14,0.0010314376951147093
152,AGENTE DE COMBATE AS ENDEMIAS,91,0.0015121302758391492,619700.04,0.0010195588562844594
153,TECNICO EM SEGURANCA DO TRABALHO,65,0.001080093054170821,618562.98,0.001017688113153433
154,ADVOGADO,40,0.0006646726487205051,610854.38,0.001005005571774939
155,PROFESSOR DE ALUNOS COM DEFICIENCIA MULTIPLA,68,0.0011299435028248588,608377.37,0.0010009302816029306
156,AUXILIAR GERAL DE CONSERVACAO DE VIAS PERMANENTES (EXCETO TRILHOS),150,0.0024925224327018943,607922.9,0.0010001825667675151
157,AUXILIAR DE JUDICIARIO,27,0.000448654037886341,600603.5700000001,0.000988140470201621
158,ESCREVENTE,79,0.0013127284812229976,599349.33,0.0009860769371737607
159,SARGENTO DA POLICIA MILITAR,69,0.0011465603190428714,598768.62,0.0009851215265150282
160,INTERPRETE DE LINGUA DE SINAIS,45,0.0007477567298105683,585655.73,0.0009635475999892466
161,CHURRASQUEIRO,12,0.00019940179461615153,584917.88,0.0009623336554135621
162,PORTEIRO DE LOCAIS DE DIVERSAO,71,0.0011797939514788967,583808.63,0.0009605086665668073
163,TECNICO DE DESPORTO INDIVIDUAL E COLETIVO (EXCETO FUTEBOL),53,0.0008806912595546693,580071.21,0.0009543596922006692
164,INSTRUTOR DE AUTO-ESCOLA,54,0.000897308075772682,576020.7,0.0009476956078430681
165,BAILARINO (EXCETO DANCAS POPULARES),17,0.0002824858757062147,574040.21,0.0009444372150902086
166,VENDEDOR EM DOMICILIO,71,0.0011797939514788967,570302.39,0.0009382875826257712
167,PROFESSOR DE GEOGRAFIA DO ENSINO FUNDAMENTAL,42,0.0006979062811565304,570173.92,0.0009380762179044347
168,ANALISTA DE SUPORTE COMPUTACIONAL,52,0.0008640744433366567,568546.18,0.000935398185589432
169,REDATOR DE PUBLICIDADE,38,0.0006314390162844799,562217.2,0.0009249854581507709
170,AUXILIAR DE ENFERMAGEM,95,0.0015785975407111997,557887.58,0.0009178621692522478
171,FARMACEUTICO,69,0.0011465603190428714,551966.24,0.0009081201097905906
172,COBRADOR INTERNO,40,0.0006646726487205051,547217.19,0.0009003067554676867
173,PROFESSOR DE MATEMATICA DO ENSINO FUNDAMENTAL,49,0.0008142239946826188,542451.08,0.0008924653332523098
174,RECEPCIONISTA DE SEGURO SAUDE,4,6.646726487205052e-05,539936.48,0.0008883281982926076
175,SOLDADO DA POLICIA MILITAR,42,0.0006979062811565304,538347.28,0.0008857135737487602
176,AUXILIAR DE BIBLIOTECA,54,0.000897308075772682,534582.01,0.0008795187792885207
177,VISITADOR SANITARIO,67,0.0011133266866068462,532404.9,0.0008759368983165501
178,AUXILIAR EM SAUDE BUCAL,68,0.0011299435028248588,523765.14,0.0008617223699066886
179,FISIOTERAPEUTA GERAL,63,0.0010468594217347956,522929.61,0.0008603477177262703
180,GERENTE COMERCIAL,65,0.001080093054170821,522066.45999999996,0.0008589276238582724
181,PROFESSOR PRATICO NO ENSINO PROFISSIONALIZANTE,33,0.0005483549351944167,521508.8,0.0008580101361140477
182,RELACOES PUBLICAS,25,0.00041542040545031574,520468.19,0.0008562980769354843
183,ANALISTA DE RECURSOS HUMANOS,53,0.0008806912595546693,516544.87,0.0008498432513846614
184,REVISOR DE TEXTO,6,9.970089730807577e-05,512996.0,0.0008440044881044425
185,CONFERENTE DE CARGA E DESCARGA,50,0.0008308408109006315,505236.01,0.0008312373975469223
186,AVALIADOR FISICO,25,0.00041542040545031574,505232.14,0.0008312310304458749
187,FISCAL DE TRIBUTOS MUNICIPAL,76,0.0012628780325689597,500544.25,0.000823518299352962
188,EMBALADOR A MAO,73,0.0012130275839149218,497175.51,0.0008179758941894578
189,ANALISTA DE MIDIAS SOCIAIS,43,0.000714523097374543,496071.31,0.0008161592138337339
190,TRABALHADOR VOLANTE DA AGRICULTURA,144,0.0023928215353938185,491784.38,0.0008091061604762232
191,ARQUITETO DE EDIFICACOES,9,0.00014955134596211366,488953.75,0.0008044490785025566
192,PROFESSOR DE ARTES DO ESPETACULO NO ENSINO SUPERIOR,40,0.0006646726487205051,488472.56,0.0008036574027007355
193,COMPRADOR,33,0.0005483549351944167,481391.37,0.0007920071049574387
194,INSPETOR DE QUALIDADE,43,0.000714523097374543,479805.79000000004,0.0007893984362032017
195,AGENTE INDIGENA DE SANEAMENTO,23,0.00038218677301429045,472090.83,0.0007767054310617459
196,ANALISTA DE REDES E DE COMUNICACAO DE DADOS,32,0.0005317381189764042,468580.42,0.0007709299439330222
197,ARTISTA (ARTES VISUAIS),33,0.0005483549351944167,466800.25,0.0007680011268085438
198,ARMAZENISTA,67,0.0011133266866068462,463303.05,0.0007622473733761606
199,MARCENEIRO,41,0.0006812894649385178,462207.8,0.0007604454179698877
200,DOCUMENTALISTA,10,0.00016616816218012627,461447.33,0.0007591942579353674
201,OPERADOR DE MAQUINAS FIXAS EM GERAL,62,0.001030242605516783,459072.62,0.0007552872764034519
202,NUTRICIONISTA,51,0.000847457627118644,458946.05,0.0007550790376490379
203,MOTORISTA DE ONIBUS URBANO,85,0.0014124293785310734,456289.59,0.0007507085081274239
204,DIRETOR DE ARTE,17,0.0002824858757062147,453496.57,0.0007461133038463662
205,TECNICO DE LABORATORIO DE ANALISES FISICO-QUIMICAS (MATERIAIS DE CONSTRUCAO),20,0.00033233632436025255,453098.95999999996,0.0007454591376842222
206,CUIDADOR EM SAUDE,46,0.0007643735460285809,452676.9,0.0007447647452635223
207,TRABALHADOR POLIVALENTE DA CONFECCAO DE CALCADOS,70,0.001163177135260884,452142.87,0.0007438861346763396
208,AGENTE PUBLICITARIO,42,0.0006979062811565304,450088.17,0.0007405056482364682
209,ENCANADOR,53,0.0008806912595546693,448839.33,0.0007384509995356512
210,TECNICO EM INSTALACAO DE EQUIPAMENTOS DE AUDIO,15,0.0002492522432701894,446826.12,0.0007351387743418939
211,PROFESSOR DE GEOGRAFIA NO ENSINO MEDIO,30,0.0004985044865403788,444661.05,0.0007315767021287376
212,MONITOR DE TRANSPORTE ESCOLAR,76,0.0012628780325689597,441701.56,0.0007267076137878924
213,COPEIRO,81,0.001345962113659023,438252.45,0.0007210329802235647
214,COSTUREIRO A  MAQUINA  NA CONFECCAO EM SERIE,63,0.0010468594217347956,434852.47,0.0007154391775828708
215,GERENTE DE PROJETOS DE TECNOLOGIA DA INFORMACAO,9,0.00014955134596211366,425544.46,0.0007001252137014351
216,CARREGADOR (ARMAZEM),48,0.0007976071784646061,424176.77,0.0006978750275433841
217,AGENTE DE SEGURANCA,40,0.0006646726487205051,422795.79,0.0006956029760693326
218,TECNICO DE OBRAS CIVIS,42,0.0006979062811565304,422711.05,0.000695463557944587
219,OPERADOR DE CAMERA DE TELEVISAO,19,0.00031571950814223993,422443.24,0.0006950229446806254
220,FOTOGRAFO,36,0.0005982053838484546,420588.15,0.0006919708657446539
221,MONTADOR DE MOVEIS E ARTEFATOS DE MADEIRA,72,0.0011964107676969093,420388.01,0.0006916415862605074
222,SOLDADOR,57,0.0009471585244267199,419072.7,0.0006894775780747737
223,MECANICO DE MANUTENCAO DE MAQUINAS EM GERAL,72,0.0011964107676969093,415399.71,0.000683434606892225
224,TECNICO DE PLANEJAMENTO DE PRODUCAO,40,0.0006646726487205051,413800.44,0.000680803414723688
225,ANALISTA FINANCEIRO (INSTITUICOES FINANCEIRAS),20,0.00033233632436025255,412145.71,0.0006780809772259277
226,TECNICO EM RADIOLOGIA E IMAGENOLOGIA,47,0.0007809903622465936,411912.8,0.000677697783038596
227,GERENTE DE PROJETOS E SERVICOS DE MANUTENCAO,32,0.0005317381189764042,409993.4,0.0006745398983485251
228,PROFESSOR DE ARTES VISUAIS NO ENSINO SUPERIOR (ARTES PLASTICAS E MULTIMIDIA),12,0.00019940179461615153,407778.74,0.0006708962383986903
229,INSPETOR DE ALUNOS DE ESCOLA PRIVADA,38,0.0006314390162844799,405722.69,0.0006675135308770582
230,EXPEDIDOR DE MERCADORIAS,36,0.0005982053838484546,405410.99,0.0006670007077771859
231,PROFESSOR DE SOCIOLOGIA NO ENSINO MEDIO,20,0.00033233632436025255,405278.8,0.0006667832227416641
232,LEITURISTA,47,0.0007809903622465936,397663.98,0.0006542549725094839
233,MUSICO INTERPRETE CANTOR,39,0.0006480558325024925,394628.08999999997,0.0006492601873934374
234,GERENTE DE COMUNICACAO,38,0.0006314390162844799,389726.7,0.0006411961963331753
235,ARQUIVISTA,20,0.00033233632436025255,389496.23,0.0006408170165454704
236,ESPECIALISTA DE POLITICAS PUBLICAS E GESTAO GOVERNAMENTAL - EPPGG,20,0.00033233632436025255,388223.36,0.0006387228325893119
237,OPERADOR DE COMPUTADOR (INCLUSIVE MICROCOMPUTADOR),40,0.0006646726487205051,386221.88,0.000635429906128187
238,DIRETOR ADMINISTRATIVO E FINANCEIRO,33,0.0005483549351944167,381966.80000000005,0.0006284292538477727
239,BOMBEIRO CIVIL,23,0.00038218677301429045,376673.78,0.0006197209351949438
240,ATENDENTE DE AGENCIA,34,0.0005649717514124294,376094.08,0.0006187671862344175
241,ACOUGUEIRO,75,0.0012462612163509472,374936.75,0.0006168630939720648
242,PSICOLOGO EDUCACIONAL,28,0.0004652708541043536,372698.65,0.0006131808694618804
243,MEDICO VETERINARIO,28,0.0004652708541043536,367343.64,0.0006043705620250891
244,AUXILIAR DE CARTORIO,43,0.000714523097374543,363576.98,0.0005981734806732588
245,CARREGADOR (VEICULOS DE TRANSPORTES TERRESTRES),46,0.0007643735460285809,363225.76,0.0005975956374613975
246,Não Informada,36,0.0005982053838484546,362307.38,0.0005960846766706986
247,SUPERVISOR DE TELEMARKETING E ATENDIMENTO,23,0.00038218677301429045,361835.6,0.0005953084826313729
248,PINTOR DE OBRAS,69,0.0011465603190428714,350881.7,0.0005772866252245954
249,FISCAL DE LOJA,51,0.000847457627118644,350065.76,0.0005759442034083943
250,DIRETOR DE SERVICOS SOCIAIS,24,0.00039880358923230307,344375.73,0.0005665827057408706
251,REPORTER DE RADIO E TELEVISAO,19,0.00031571950814223993,343897.36,0.000565795669532061
252,MUSICOLOGO,23,0.00038218677301429045,341598.5,0.0005620134798901851
253,CONSELHEIRO TUTELAR,51,0.000847457627118644,332027.76,0.0005462672605931911
254,OPERADOR DE MAQUINAS DE CONSTRUCAO CIVIL E MINERACAO,23,0.00038218677301429045,330705.33999999997,0.0005440915547101841
255,DIRETOR GERAL DE EMPRESA E ORGANIZACOES (EXCETO DE INTERESSE PUBLICO),24,0.00039880358923230307,329753.79000000004,0.0005425260211180006
256,MUSICOTERAPEUTA,15,0.0002492522432701894,326271.22,0.0005367963376309209
257,GERENTE DE LOGISTICA (ARMAZENAGEM E DISTRIBUICAO),22,0.00036556995679627784,325065.85,0.0005348132077628002
258,TECNOLOGO EM SECRETARIADO ESCOLAR,51,0.000847457627118644,323510.04,0.0005322535179745022
259,ELETRICISTA DE MANUTENCAO ELETROELETRONICA,45,0.0007477567298105683,322989.27,0.0005313967233459472
260,BARMAN,29,0.00048188767032236626,322331.66000000003,0.0005303147932891392
261,EDITOR DE TEXTO E IMAGEM,20,0.00033233632436025255,316786.9,0.0005211923004715304
262,TELEFONISTA,41,0.0006812894649385178,313143.68,0.0005151983082549207
263,JARDINEIRO,50,0.0008308408109006315,309478.96,0.000509168943254714
264,MONTADOR DE ESTRUTURAS METALICAS,35,0.000581588567630442,308885.07,0.0005081918482570134
265,ATLETA PROFISSIONAL DE LUTA,22,0.00036556995679627784,308611.54,0.0005077418241873692
266,AUXILIAR DE FARMACIA DE MANIPULACAO,13,0.00021601861083416418,307730.7,0.0005062926259220768
267,REPORTER (EXCLUSIVE RADIO E TELEVISAO),15,0.0002492522432701894,306965.46,0.0005050336180653352
268,PROFESSOR DE ARQUITETURA,6,9.970089730807577e-05,305144.28,0.0005020373294127024
269,DIRETOR DE MARKETING,12,0.00019940179461615153,302553.36,0.0004977746292974586
270,AGENTE DE SEGURANCA PENITENCIARIA,43,0.000714523097374543,301815.73,0.0004965610466758388
271,PROFESSOR DE FILOSOFIA NO ENSINO MEDIO,33,0.0005483549351944167,300421.83999999997,0.0004942677550791716
272,PROFESSOR DE EDUCACAO FISICA NO ENSINO SUPERIOR,19,0.00031571950814223993,300177.29,0.0004938654102313249
273,OPERADOR DE TELEMARKETING ATIVO,27,0.000448654037886341,297999.64,0.00049028264082665
274,AUDITOR (CONTADORES E AFINS),13,0.00021601861083416418,290054.65,0.0004772111798056188
275,TECNICO DE REDE (TELECOMUNICACOES),43,0.000714523097374543,289260.84,0.0004759051672778366
276,APONTADOR DE PRODUCAO,41,0.0006812894649385178,285382.03,0.00046952357161528875
277,AJUDANTE DE CONFECCAO,43,0.000714523097374543,283121.07,0.0004658037367872888
278,PROFESSOR DE DIREITO DO ENSINO SUPERIOR,14,0.0002326354270521768,282985.55,0.0004655807730834238
279,PROFESSOR DE BIOLOGIA NO ENSINO MEDIO,24,0.00039880358923230307,282085.2,0.0004640994760735742
280,INVESTIGADOR DE POLICIA,20,0.00033233632436025255,281946.82,0.0004638718069668679
281,MOTORISTA DE ONIBUS RODOVIARIO,51,0.000847457627118644,278029.5,0.0004574268528905373
282,AGENTE DE MICROCREDITO,41,0.0006812894649385178,277845.21,0.0004571236505515079
283,GERENTE DE DEPARTAMENTO PESSOAL,27,0.000448654037886341,277317.92,0.00045625612892067133
284,AGENTE FISCAL DE QUALIDADE,18,0.0002991026919242273,277095.93,0.00045589090081691556
285,COMPOSITOR,6,9.970089730807577e-05,276796.0,0.00045539744225950546
286,ARQUITETO URBANISTA,11,0.00018278497839813892,276326.49,0.0004546249829280293
287,MECANICO DE MANUTENCAO DE AUTOMOVEIS MOTOCICLETAS E VEICULOS SIMILARES,53,0.0008806912595546693,275895.03,0.00045391512519729165
288,MUSICO ARRANJADOR,23,0.00038218677301429045,274799.43,0.0004521125939550066
289,ARQUIVISTA DE DOCUMENTOS,18,0.0002991026919242273,273615.67,0.00045016501784751544
290,ASSISTENTE COMERCIAL DE SEGUROS,9,0.00014955134596211366,270980.29000000004,0.0004458291701062843
291,OFICIAL DE JUSTICA,20,0.00033233632436025255,269227.95,0.00044294614017099243
292,ENGENHEIRO CIVIL,26,0.00043203722166832836,268531.32,0.00044180001262506967
293,INSTALADOR-REPARADOR DE REDES TELEFONICAS E DE COMUNICACAO DE DADOS,54,0.000897308075772682,264943.72000000003,0.00043589752897700324
294,AGENTE DE VIAGEM,11,0.00018278497839813892,263940.51,0.0004342470019894414
295,DIRETOR DE OPERACOES DE OBRAS PUBLICA E CIVIL,6,9.970089730807577e-05,262176.79,0.00043134524915752927
296,AUXILIAR DE FATURAMENTO,28,0.0004652708541043536,261584.87,0.0004303713952939538
297,OPERADOR DE EMPILHADEIRA,50,0.0008308408109006315,261161.21,0.000429674370480056
298,TRABALHADOR DA CULTURA DE CANA-DE-ACUCAR,107,0.0017779993353273513,261067.2,0.0004295197009272199
299,CAIXA DE BANCO,31,0.0005151213027583915,260272.13,0.00042821161538979425
300,FOTOGRAFO PUBLICITARIO,5,8.308408109006314e-05,255671.97,0.0004206432217064156
301,ENSAIADOR DE DANCA,19,0.00031571950814223993,254906.94999999998,0.0004193845758037386
302,PROFESSOR DE MATEMATICA NO ENSINO MEDIO,31,0.0005151213027583915,254293.7,0.0004183756288483432
303,MESTRE (CONSTRUCAO CIVIL),42,0.0006979062811565304,251063.88,0.0004130617812242496
304,DESENHISTA TECNICO (ILUSTRACOES ARTISTICAS),1,1.661681621801263e-05,250000.0,0.00041131143717711366
305,PESQUISADOR EM CIENCIAS SOCIAIS E HUMANAS,22,0.00036556995679627784,249266.88,0.0004101052746138205
306,GERENTE DE INSTITUICAO EDUCACIONAL DA AREA PRIVADA,11,0.00018278497839813892,248770.31,0.0004092882949323844
307,TECNOLOGO EM PRODUCAO AUDIOVISUAL,18,0.0002991026919242273,248691.16999999998,0.00040915809018383155
308,ADMINISTRADOR DE BANCO DE DADOS,9,0.00014955134596211366,247757.65,0.0004076222203724973
309,ASSISTENTE DE OPERACOES AUDIOVISUAIS,10,0.00016616816218012627,241441.27,0.00039723022303027013
310,VENDEDOR PRACISTA,35,0.000581588567630442,241267.56,0.000396944427391262
311,OPERADOR DE ESTACAO DE CAPTACAO TRATAMENTO E DISTRIBUICAO DE AGUA,45,0.0007477567298105683,240550.24,0.00039576425971079844
312,TECNOLOGO EM LOGISTICA DE TRANSPORTE,21,0.0003489531405782652,239241.62,0.00039361125821912364
313,OPERADOR DE AUDIO DE CONTINUIDADE (RADIO),25,0.00041542040545031574,238633.14,0.00039261015908594954
314,PADEIRO,34,0.0005649717514124294,238338.34,0.00039212514063923025
315,AUXILIAR DE SERVICOS JURIDICOS,23,0.00038218677301429045,237372.02,0.00039053530676733827
316,PROMOTOR DE VENDAS ESPECIALIZADO,24,0.00039880358923230307,236729.34,0.0003894779402295583
317,TRATORISTA AGRICOLA,58,0.0009637753406447325,235235.91,0.0003870208808710647
318,AGENTE DE TRANSITO,19,0.00031571950814223993,229964.82,0.00037834864245750503
319,DIRETOR COMERCIAL,8,0.00013293452974410104,228950.79,0.0003766803139109422
320,TECNICO EM PATOLOGIA CLINICA,19,0.00031571950814223993,226703.04,0.0003729822127792828
321,DIRETOR DE PESQUISA E DESENVOLVIMENTO (P&D),3,4.9850448654037884e-05,226325.0,0.00037236024407644104
322,CARPINTEIRO,38,0.0006314390162844799,224576.47,0.00036948348252745185
323,CONDUTOR DE AMBULANCIA,26,0.00043203722166832836,220489.9,0.0003627600706081523
324,PROFESSOR DE LINGUA ESTRANGEIRA MODERNA DO ENSINO FUNDAMENTAL,18,0.0002991026919242273,220411.91999999998,0.000362631774344668
325,TECNICO AGROPECUARIO,22,0.00036556995679627784,219614.35,0.00036131957569287063
326,CARTAZEIRO,12,0.00019940179461615153,214405.34999999998,0.00035274949058784825
327,ELETROTECNICO,19,0.00031571950814223993,214067.73,0.00035219402271816937
328,TECNICO DE CONTROLE DE MEIO AMBIENTE,18,0.0002991026919242273,213064.53,0.00035054351218306504
329,GERENTE DE DESENVOLVIMENTO DE SISTEMAS,12,0.00019940179461615153,212634.21,0.0003498355300324808
330,EMPREGADO  DOMESTICO  NOS SERVICOS GERAIS,40,0.0006646726487205051,210230.7,0.00034588116542300253
331,GERENTE FINANCEIRO,19,0.00031571950814223993,208179.25,0.0003425060260318146
332,CONSULTOR JURIDICO,24,0.00039880358923230307,205972.19,0.0003388748699496701
333,REPORTER FOTOGRAFICO,6,9.970089730807577e-05,204472.0,0.00033640668872991514
334,DIRETOR DE PLANEJAMENTO ESTRATEGICO,21,0.0003489531405782652,203949.47999999998,0.0003355470149213
335,PROFESSOR DE ALUNOS COM DEFICIENCIA MENTAL,18,0.0002991026919242273,203657.59,0.0003350667841397095
336,MEMBRO SUPERIOR DO PODER EXECUTIVO,9,0.00014955134596211366,203211.59,0.0003343330045357855
337,OPERADOR ELETROMECANICO,10,0.00016616816218012627,203126.97999999998,0.0003341938002929873
338,ILUMINADOR (TELEVISAO),9,0.00014955134596211366,200332.28,0.0003295958319990718
339,MAGAREFE,32,0.0005317381189764042,199619.31,0.00032842282113761513
340,BIOLOGO,10,0.00016616816218012627,197718.58000000002,0.0003252956531856725
341,DIRIGENTE DE PARTIDO POLITICO,11,0.00018278497839813892,196908.73,0.00032396325091608096
342,CAMAREIRO  DE HOTEL,25,0.00041542040545031574,196777.57,0.00032374746048368036
343,OUVIDOR,6,9.970089730807577e-05,196530.0,0.00032334014699367264
344,OPERADOR DE PROCESSO DE TRATAMENTO DE IMAGEM,3,4.9850448654037884e-05,193051.0,0.0003176163370339159
345,SOCORRISTA (EXCETO MEDICOS E ENFERMEIROS),11,0.00018278497839813892,191666.21,0.0003153380171735619
346,INSTALADOR-REPARADOR DE LINHAS E APARELHOS DE TELECOMUNICACOES,29,0.00048188767032236626,191526.82,0.00031510868636864945
347,CAPTADOR/MOBILIZADOR DE RECURSOS,8,0.00013293452974410104,191220.86,0.00031460530697937457
348,DESENHISTA PROJETISTA MECANICO,12,0.00019940179461615153,190683.96,0.000313721974536893
349,DIRETOR DE ARTE (PUBLICIDADE),8,0.00013293452974410104,190357.65,0.000313185114396632
350,SUPERVISOR DE LOGISTICA,12,0.00019940179461615153,187220.13,0.0003080231229551442
351,TECNICO DE LABORATORIO INDUSTRIAL,24,0.00039880358923230307,186516.12,0.000306864853495596
352,GERENTE DE RECURSOS HUMANOS,22,0.00036556995679627784,186480.0,0.00030680542721915263
353,TECNICO EM GRAVACAO DE AUDIO,17,0.0002824858757062147,184633.08000000002,0.00030376678994094807
354,AUXILIAR DE LABORATORIO DE ANALISES CLINICAS,29,0.00048188767032236626,182612.9,0.0003004430973843222
355,FONOAUDIOLOGO GERAL,10,0.00016616816218012627,182456.33000000002,0.0003001855012574469
356,ATENDENTE DE ENFERMAGEM,34,0.0005649717514124294,182144.0,0.0002996716416527528
357,PROFESSOR DE LINGUA ESTRANGEIRA MODERNA NO ENSINO MEDIO,18,0.0002991026919242273,181622.53,0.0002988136953521738
358,PRODUTOR DE TELEVISAO,10,0.00016616816218012627,180462.34,0.0002969048976869797
359,INSTALADOR DE LINHAS ELETRICAS DE ALTA E BAIXA - TENSAO (REDE AEREA E SUBTERRANEA),28,0.0004652708541043536,178479.89,0.00029364328025245265
360,DIRETOR DE SERVICOS DE SAUDE,22,0.00036556995679627784,175970.23,0.000289514272806749
361,DESENHISTA TECNICO (ARTES GRAFICAS),22,0.00036556995679627784,174779.06,0.00028755450542825993
362,DIRETOR DE INSTITUICAO EDUCACIONAL DA AREA PRIVADA,23,0.00038218677301429045,174386.78,0.0002869091084259566
363,ANALISTA DE EXPORTACAO E IMPORTACAO,9,0.00014955134596211366,174238.41,0.0002866650033142207
364,PROFESSOR DE PSICOLOGIA DO ENSINO SUPERIOR,9,0.00014955134596211366,173681.87,0.0002857493582452345
365,IMPRESSOR (SERIGRAFIA),19,0.00031571950814223993,173199.37,0.00028495552717148267
366,AUXILIAR DE LAVANDERIA,21,0.0003489531405782652,172632.86,0.0002840234790023818
367,TECNICO EM MANUTENCAO DE MAQUINAS,22,0.00036556995679627784,172620.38,0.00028400294633543796
368,CUMIM,25,0.00041542040545031574,172298.94,0.0002834740985419731
369,TECNICO DE MANUTENCAO ELETRONICA,21,0.0003489531405782652,171520.03,0.00028219260017584664
370,PROJETISTA DE MOVEIS,8,0.00013293452974410104,170761.24,0.0002809442041541841
371,OPERADOR DE MAQUINAS DE BENEFICIAMENTO DE PRODUTOS AGRICOLAS,48,0.0007976071784646061,170120.23,0.00027988958517680454
372,TAQUIGRAFO,14,0.0002326354270521768,170095.5,0.000279848898249439
373,DESIGNER EDUCACIONAL,10,0.00016616816218012627,168906.99,0.00027789350722464144
374,OPERADOR DE PRODUCAO (QUIMICA PETROQUIMICA E AFINS),18,0.0002991026919242273,167827.41,0.0002761173328192508
375,ANALISTA DE LOGISTICA,8,0.00013293452974410104,166143.62,0.000273347084480033
376,PRODUTOR CINEMATOGRAFICO,8,0.00013293452974410104,166036.66,0.00027317110899475116
377,TECNICO DE GARANTIA DA QUALIDADE,24,0.00039880358923230307,164898.56,0.000271298654808146
378,GERENTE DE PRODUCAO E OPERACOES,21,0.0003489531405782652,164783.32,0.0002711090566880649
379,DIRETOR DE MIDIA (PUBLICIDADE),7,0.0001163177135260884,164740.99,0.00027103941343552203
380,FISCAL DE TRIBUTOS ESTADUAL,3,4.9850448654037884e-05,164404.19,0.000270485294667357
381,AGENTE DE HIGIENE E SEGURANCA,27,0.000448654037886341,163730.25,0.00026937649774747246
382,COREOGRAFO,17,0.0002824858757062147,163292.91999999998,0.0002686569824241898
383,GERENTE DE PESQUISA E DESENVOLVIMENTO (P&D),10,0.00016616816218012627,162209.2,0.0002668739967013995
384,CHEFE DE COZINHA,19,0.00031571950814223993,161593.03,0.0002658602456284178
385,TECNICO DE APOIO EM PESQUISA E DESENVOLVIMENTO (EXCETO AGROPECUARIO E FLORESTAL),14,0.0002326354270521768,160754.89,0.0002644812993565953
386,OPERADOR DE INSPECAO DE QUALIDADE,25,0.00041542040545031574,160532.35,0.0002641151663676777
387,BARISTA,13,0.00021601861083416418,159700.53,0.00026274661804898705
388,PRACA DA AERONAUTICA,11,0.00018278497839813892,158414.19,0.0002606302726325934
389,COLETOR DE LIXO DOMICILIAR,38,0.0006314390162844799,158067.48,0.0002600598494790587
390,TERAPEUTA OCUPACIONAL,11,0.00018278497839813892,156858.35,0.0002580705334869228
391,CONFEITEIRO,15,0.0002492522432701894,155608.72,0.0002560145850419643
392,COSTURADOR DE CALCADOS A  MAQUINA,18,0.0002991026919242273,153854.82,0.00025312898852330453
393,APRESENTADOR DE EVENTOS,9,0.00014955134596211366,153523.2,0.00025258339212811786
394,SUPERVISOR DE CONTROLE PATRIMONIAL,15,0.0002492522432701894,152490.8,0.00025088484041715123
395,CORTADOR DE CALCADOS A  MAQUINA (EXCETO SOLAS E PALMILHAS),14,0.0002326354270521768,152189.33000000002,0.0002503888481812881
396,AUXILIAR DE VETERINARIO,10,0.00016616816218012627,151635.74,0.00024947805658726057
397,MAQUINISTA DE TEATRO E ESPETACULOS,7,0.0001163177135260884,150420.88,0.0002474793133369846
398,PRODUTOR DE MODA,1,1.661681621801263e-05,150000.0,0.0002467868623062682
399,LAVADOR DE VEICULOS,17,0.0002824858757062147,149888.33000000002,0.00024660313771350994
400,BORRACHEIRO,16,0.0002658690594882021,148412.02,0.00024417424496223414
401,APONTADOR DE MAO-DE-OBRA,25,0.00041542040545031574,148279.98,0.0002439570067135747
402,TECNOLOGO EM MEIO AMBIENTE,8,0.00013293452974410104,147409.25,0.0002425244418828018
403,TURISMOLOGO,9,0.00014955134596211366,145309.16999999998,0.00023906929419085412
404,PSICOPEDAGOGO,24,0.00039880358923230307,143870.92,0.00023670301949277423
405,SUPERVISOR DE RECEPCIONISTAS,13,0.00021601861083416418,142663.35,0.00023471627008400634
406,DESENHISTA PROJETISTA DE ELETRICIDADE,6,9.970089730807577e-05,142220.72999999998,0.00023398805141071295
407,IMPRESSOR DIGITAL,7,0.0001163177135260884,142000.0,0.00023362489631660057
408,PROFESSOR DE ENSINO SUPERIOR NA AREA DE PESQUISA EDUCACIONAL,13,0.00021601861083416418,140666.15,0.0002314303852746858
409,MECANICO DE MANUTENCAO E INSTALACAO DE APARELHOS DE CLIMATIZACAO E  REFRIGERACAO,11,0.00018278497839813892,139635.35,0.00022973446595691714
410,AUTOR-ROTEIRISTA,8,0.00013293452974410104,139564.25,0.00022961748898418395
411,TECNICO ELETRICISTA,10,0.00016616816218012627,139398.1,0.00022934413140303605
412,GERENTE DE CONTAS - PESSOA FISICA E JURIDICA,20,0.00033233632436025255,137712.73,0.0002265712835755353
413,TRABALHADOR DA PECUARIA (BOVINOS CORTE),28,0.0004652708541043536,135671.17,0.00022321241566480206
414,ABATEDOR,21,0.0003489531405782652,135165.9,0.00022238112234535212
415,GERENTE DE RESTAURANTE,10,0.00016616816218012627,135014.18,0.00022213150566035807
416,PROFESSOR DE ALUNOS COM DEFICIENCIA AUDITIVA E SURDOS,15,0.0002492522432701894,134740.81,0.00022168174483003364
417,TRABALHADOR DA CULTURA DE CAFE,30,0.0004985044865403788,134725.12,0.0002216559309242364
418,FISCAL DE TRANSPORTES COLETIVOS (EXCETO TREM),9,0.00014955134596211366,133713.16,0.0002199910080363734
419,ENGENHEIRO QUIMICO,3,4.9850448654037884e-05,133508.73,0.00021965467044796495
420,PROFISSIONAL DE EDUCACAO FISICA NA SAUDE,20,0.00033233632436025255,132943.23,0.00021872428397707032
421,AUXILIAR DE LABORATORIO DE ANALISES FISICO-QUIMICAS,9,0.00014955134596211366,132720.61,0.0002183580193684928
422,DIRETOR DE SUPRIMENTOS NO SERVICO PUBLICO,8,0.00013293452974410104,132446.79,0.00021790751817758148
423,AUXILIAR DE PRODUCAO FARMACEUTICA,6,9.970089730807577e-05,132286.4,0.0002176436372119461
424,TRABALHADOR DE EXTRACAO FLORESTAL EM GERAL,28,0.0004652708541043536,132249.41,0.0002175827795717014
425,DEMONSTRADOR DE MERCADORIAS,17,0.0002824858757062147,131544.07,0.0002164223219353074
426,COZINHADOR (CONSERVACAO DE ALIMENTOS),18,0.0002991026919242273,131442.75,0.00021625562563604823
427,AUXILIAR DE CORTE (PREPARACAO DA CONFECCAO DE ROUPAS),13,0.00021601861083416418,131152.45,0.0002157780107951982
428,OPERADOR DE NEGOCIOS,9,0.00014955134596211366,130811.49,0.00021521704780471854
429,OPERADOR DE ESTACAO DE TRATAMENTO DE AGUA E EFLUENTES,22,0.00036556995679627784,130122.29,0.00021408314443470866
430,OPERADOR DE TELEMARKETING TECNICO,18,0.0002991026919242273,130011.52,0.00021390090056312426
431,TRABALHADOR NO CULTIVO DE ARVORES FRUTIFERAS,43,0.000714523097374543,129708.14,0.00021340176590788106
432,ANALISTA DE CREDITO (INSTITUICOES FINANCEIRAS),7,0.0001163177135260884,129643.47,0.0002132953678653121
433,TECNICO DE VENDAS,17,0.0002824858757062147,128040.95999999999,0.0002106588451005493
434,TRABALHADOR DA AVICULTURA DE POSTURA,13,0.00021601861083416418,128039.13,0.00021065583430082918
435,SUPERVISOR TECNICO OPERACIONAL DE SISTEMAS DE TELEVISAO E PRODUTORAS DE VIDEO,10,0.00016616816218012627,127989.51999999999,0.00021057421365923572
436,SUPERVISOR DE VIGILANTES,13,0.00021601861083416418,126800.36,0.0002086177532247016
437,DESENHISTA TECNICO (ARQUITETURA),3,4.9850448654037884e-05,126500.0,0.00020812358721161953
438,MOTORISTA OPERACIONAL DE GUINCHO,13,0.00021601861083416418,126432.59,0.0002080126811956991
439,MONTADOR DE ANDAIMES (EDIFICACOES),21,0.0003489531405782652,125747.79,0.00020688601690698353
440,MONITOR DE SISTEMAS ELETRONICOS DE SEGURANCA INTERNO,9,0.00014955134596211366,125608.12,0.0002066562254332614
441,ENGENHEIRO AMBIENTAL,7,0.0001163177135260884,125595.56999999999,0.00020663557759911512
442,PROFESSOR DE COMUNICACAO SOCIAL DO ENSINO SUPERIOR,4,6.646726487205052e-05,122851.33,0.00020212062840567946
443,DIETISTA,1,1.661681621801263e-05,120000.0,0.00019742948984501456
444,CENOTECNICO (CINEMA VIDEO TELEVISAO TEATRO E ESPETACULOS),1,1.661681621801263e-05,120000.0,0.00019742948984501456
445,ANALISTA DE PLANEJAMENTO E ORCAMENTO - APO,3,4.9850448654037884e-05,119600.0,0.00019677139154553118
446,GERENTE DE SERVICOS EDUCACIONAIS DA AREA PUBLICA,14,0.0002326354270521768,118859.25,0.0001955526757571754
447,DESPACHANTE DE TRANSPORTES COLETIVOS (EXCETO TREM),9,0.00014955134596211366,118664.77,0.0001952327083639666
448,GERENTE DE PRODUCAO E OPERACOES DA CONSTRUCAO CIVIL E OBRAS PUBLICAS,8,0.00013293452974410104,117335.51000000001,0.0001930457490000384
449,ELETROTECNICO NA FABRICACAO MONTAGEM E INSTALACAO DE MAQUINAS E EQUIPAMENTOS,10,0.00016616816218012627,117219.24,0.00019285445627683606
450,CONTROLADOR DE ENTRADA E SAIDA,14,0.0002326354270521768,115750.0,0.00019043719541300363
451,CIRURGIAO DENTISTA - CLINICO GERAL,19,0.00031571950814223993,115482.54000000001,0.0001899971579850541
452,TECNICO DE TELECOMUNICACOES (TELEFONIA),9,0.00014955134596211366,115464.26000000001,0.0001899670828927677
453,PROGRAMADOR DE MULTIMIDIA,2,3.323363243602526e-05,115087.8,0.0001893477136782089
454,SECRETARIO  BILINGUE,8,0.00013293452974410104,114878.21,0.0001890028866217371
455,TECNICO AGRICOLA,32,0.0005317381189764042,114439.4,0.00018828093633474632
456,MARMORISTA (CONSTRUCAO),11,0.00018278497839813892,113842.53,0.00018729893850471472
457,GERENTE DE SERVICOS DE SAUDE,6,9.970089730807577e-05,113201.65,0.00018624453340928244
458,AGENTE FUNERARIO,17,0.0002824858757062147,113191.91,0.00018622850871569002
459,CHEFE DE BAR,6,9.970089730807577e-05,112764.68,0.0001855256103744693
460,DESENHISTA PROJETISTA DE ARQUITETURA,7,0.0001163177135260884,112613.45999999999,0.00018527681631234962
461,TECNOLOGO EM GESTAO DA TECNOLOGIA DA INFORMACAO,10,0.00016616816218012627,112544.22,0.00018516289949670905
462,COSTUREIRA DE PECAS SOB ENCOMENDA,21,0.0003489531405782652,111611.49,0.00018362832942951622
463,SALVA-VIDAS,9,0.00014955134596211366,109928.39,0.000180859216309865
464,DESOSSADOR,10,0.00016616816218012627,109604.41,0.00018032618959219846
465,ASSISTENTE DE LABORATORIO INDUSTRIAL,11,0.00018278497839813892,109011.04000000001,0.00017934995012228733
466,COBRADOR DE TRANSPORTES COLETIVOS (EXCETO TREM),14,0.0002326354270521768,108926.31,0.00017921054844999924
467,VEREADOR,4,6.646726487205052e-05,108495.55,0.0001785018423912856
468,ARTESAO TECELAO,15,0.0002492522432701894,108392.2,0.00017833180624315657
469,ADVOGADO DE EMPRESA,4,6.646726487205052e-05,108346.09,0.0001782559439616836
470,DESENHISTA INDUSTRIAL DE PRODUTO DE MODA (DESIGNER DE MODA),11,0.00018278497839813892,107367.59,0.0001766460709965724
471,CONFERENTE MERCADORIA (EXCETO CARGA E DESCARGA),17,0.0002824858757062147,107355.08,0.00017662548897225605
472,DIRETOR ARTISTICO,4,6.646726487205052e-05,107000.0,0.00017604129511180467
473,CARPINTEIRO DE OBRAS,24,0.00039880358923230307,106983.44,0.00017601404984220605
474,MAE SOCIAL,13,0.00021601861083416418,106512.03,0.0001752384645438074
475,PREPARADOR DE ESTRUTURAS METALICAS,9,0.00014955134596211366,105385.12,0.00017338442065713034
476,PROFESSOR DE QUIMICA NO ENSINO MEDIO,17,0.0002824858757062147,105331.48,0.00017329616967516961
477,COMERCIANTE VAREJISTA,13,0.00021601861083416418,105188.34,0.0001730606691986995
478,GERENTE DE CAPTACAO (FUNDOS E INVESTIMENTOS INSTITUCIONAIS),2,3.323363243602526e-05,105000.0,0.00017275080361438776
479,PESQUISADOR EM HISTORIA,12,0.00019940179461615153,104516.43,0.00017195521212768478
480,OPERADOR POLIVALENTE DA INDUSTRIA TEXTIL,18,0.0002991026919242273,104438.7,0.00017182732717563768
481,MONITOR DE SISTEMAS ELETRONICOS DE SEGURANCA EXTERNO,11,0.00018278497839813892,103699.03,0.00017061038825269052
482,MONTADOR DE CALCADOS,8,0.00013293452974410104,103509.75,0.00017029897613737497
483,BOBINADOR ELETRICISTA A MAQUINA,4,6.646726487205052e-05,103240.0,0.00016985517109666088
484,MASSOTERAPEUTA,2,3.323363243602526e-05,103000.0,0.00016946031211697083
485,MONTADOR DE MAQUINAS,16,0.0002658690594882021,102379.62,0.00016843963455938707
486,TECNICO ELETRONICO,13,0.00021601861083416418,102154.55,0.00016806933909872528
487,PREPARADOR DE CALCADOS,24,0.00039880358923230307,101959.65,0.000167748680702302
488,MONTADOR DE VEICULOS (LINHA DE MONTAGEM),6,9.970089730807577e-05,101000.0,0.00016616982061955392
489,AJUDANTE DE DESPACHANTE ADUANEIRO,2,3.323363243602526e-05,100000.0,0.00016452457487084547
490,PESQUISADOR EM CIENCIAS DA TERRA E MEIO AMBIENTE,3,4.9850448654037884e-05,100000.0,0.00016452457487084547
491,TECNICO OPERACIONAL DE SERVICOS DE CORREIOS,1,1.661681621801263e-05,100000.0,0.00016452457487084547
492,AUXILIAR DE SERVICOS DE IMPORTACAO E EXPORTACAO,11,0.00018278497839813892,99671.91,0.00016398478619315173
493,AGENCIADOR DE PROPAGANDA,10,0.00016616816218012627,99041.89,0.00016294824846655042
494,COBRADOR EXTERNO,22,0.00036556995679627784,98804.6,0.0001625578481028394
495,ENTREVISTADOR SOCIAL,18,0.0002991026919242273,98360.37,0.00016182698058389062
496,MONTADOR DE EQUIPAMENTOS ELETRONICOS,6,9.970089730807577e-05,98158.55,0.0001614949370868863
497,CENOGRAFO DE TV,2,3.323363243602526e-05,98000.0,0.00016123408337342856
498,BANHISTA DE ANIMAIS DOMESTICOS,4,6.646726487205052e-05,97190.62,0.0001599024543693389
499,BIOMEDICO,14,0.0002326354270521768,96954.54,0.00015951404475298382
500,DIRIGENTE E ADMINISTRADOR DE ORGANIZACAO DA SOCIEDADE CIVIL SEM FINS LUCRATIVOS,7,0.0001163177135260884,96758.32,0.00015919121463217227
501,BABA,21,0.0003489531405782652,96129.49,0.00015815663474801192
502,MARINHEIRO DE CONVES (MARITIMO E FLUVIARIO),9,0.00014955134596211366,95865.05,0.00015772156596222345
503,OPERADOR DE QUADRO DE DISTRIBUICAO DE ENERGIA ELETRICA,3,4.9850448654037884e-05,95764.84,0.00015755669588574537
504,OPERADOR DE TRANSPORTE MULTIMODAL,8,0.00013293452974410104,94658.73,0.00015573687311064147
505,OPERADOR DE MAQUINAS-FERRAMENTA CONVENCIONAIS,18,0.0002991026919242273,94234.49,0.0001550388940542094
506,OPERADOR DE COBRANCA BANCARIA,4,6.646726487205052e-05,94000.0,0.00015465310037859474
507,CALDEIREIRO (CHAPAS DE FERRO E ACO),16,0.0002658690594882021,92867.04,0.000152789102755138
508,OPERADOR DE REDE DE TELEPROCESSAMENTO,14,0.0002326354270521768,92845.04,0.00015275290734866642
509,PROFISSIONAL DE RELACOES INSTITUCIONAIS E GOVERNAMENTAIS,5,8.308408109006314e-05,92760.78,0.00015261427894188025
510,DIRETOR DE REDACAO,4,6.646726487205052e-05,91984.75,0.00015133751888351003
511,ESCRIVAO DE POLICIA,8,0.00013293452974410104,91733.33,0.00015092387119736974
512,OPERADOR DE MAQUINA DE DOBRAR CHAPAS,6,9.970089730807577e-05,91267.0,0.00015015664374737453
513,COLETOR DE RESIDUOS SOLIDOS DE SERVICOS DE SAUDE,5,8.308408109006314e-05,89650.84999999999,0.00014749767983059935
514,ANTROPOLOGO,4,6.646726487205052e-05,89521.0,0.00014728404467012957
515,OPERADOR DE SERRAS (USINAGEM DE MADEIRA),5,8.308408109006314e-05,89479.8,0.00014721626054528279
516,PORTEIRO (HOTEL),11,0.00018278497839813892,88807.1,0.00014610950373012663
517,TESOUREIRO DE BANCO,11,0.00018278497839813892,88046.21,0.00014485765269239186
518,EDITOR DE MIDIA ELETRONICA,6,9.970089730807577e-05,87382.6,0.00014376585116109141
519,PRODUTOR DE RADIO,8,0.00013293452974410104,85587.82,0.00014081299699622446
520,TECNICO EM SAUDE BUCAL,10,0.00016616816218012627,85312.81,0.00014036053796287213
521,POLICIAL LEGISLATIVO,5,8.308408109006314e-05,85000.0,0.00013984588864021866
522,CABO BOMBEIRO MILITAR,6,9.970089730807577e-05,84908.36,0.000139695118319807
523,ANALISTA DE FOLHA DE PAGAMENTO,10,0.00016616816218012627,84573.2,0.00013914369775466987
524,PINTOR DE VEICULOS (FABRICACAO),7,0.0001163177135260884,84277.9,0.00013865785668507627
525,MINISTRO DE CULTO RELIGIOSO,6,9.970089730807577e-05,84233.33,0.00013858452808205635
526,DIRETOR DE  PRODUCAO E OPERACOES DE TURISMO,8,0.00013293452974410104,84106.88,0.00013837648675713216
527,ARMADOR DE ESTRUTURA DE CONCRETO ARMADO,18,0.0002991026919242273,84093.51,0.0001383544898214719
528,LINGUISTA,2,3.323363243602526e-05,84092.33,0.00013835254843148846
529,COSTUREIRA DE REPARACAO DE ROUPAS,11,0.00018278497839813892,83778.01,0.0001378354147877544
530,AUXILIAR DE PROTESE DENTARIA,16,0.0002658690594882021,83358.3,0.000137144888694564
531,ARQUEOLOGO,5,8.308408109006314e-05,83009.47,0.00013657097762004202
532,ENCARREGADO DE ACABAMENTO DE CHAPAS E METAIS  (TEMPERA),2,3.323363243602526e-05,83000.0,0.00013655539714280175
533,DIRETOR DE FOTOGRAFIA,5,8.308408109006314e-05,82971.0,0.0001365076850160892
534,GERENTE DE CLIENTES ESPECIAIS (PRIVATE),3,4.9850448654037884e-05,82580.28,0.00013586485459715384
535,PROFESSOR DA AREA DE MEIO AMBIENTE,4,6.646726487205052e-05,82109.77,0.000135090750019929
536,VIDRACEIRO,14,0.0002326354270521768,81922.98,0.00013478343456652776
537,ANALISTA DE PLANEJAMENTO DE MANUTENCAO,5,8.308408109006314e-05,81784.42,0.0001345554693155867
538,DIRETOR DE OPERACOES DE SERVICOS DE TRANSPORTE,4,6.646726487205052e-05,81713.45999999999,0.00013443872267725836
539,ESCRIVAO EXTRA - JUDICIAL,14,0.0002326354270521768,81446.83,0.00013400005080328023
540,FINALIZADOR DE VIDEO,2,3.323363243602526e-05,81240.0,0.00013365976462507487
541,GERENTE DE BAR,6,9.970089730807577e-05,81095.47,0.00013342197725701402
542,ANALISTA DE SISTEMAS DE AUTOMACAO,6,9.970089730807577e-05,80811.92,0.00013295546782496773
543,CHEFE DE SERVICO DE TRANSPORTE RODOVIARIO (PASSAGEIROS E CARGAS),9,0.00014955134596211366,80084.33,0.00013175840347066497
544,CAPITAO DA POLICIA MILITAR,1,1.661681621801263e-05,80000.0,0.00013161965989667637
545,ADMINISTRADOR DE EDIFICIOS,6,9.970089730807577e-05,79792.78,0.00013127873207262902
546,TECNICO MECANICO (CALEFACAO VENTILACAO E REFRIGERACAO),5,8.308408109006314e-05,79600.0,0.000130961561597193
547,ANALISTA DE SUCESSO DO CLIENTE - CUSTOMER SUCCESS,3,4.9850448654037884e-05,79488.09,0.00013077744214545504
548,ANALISTA DE INFORMACOES (PESQUISADOR DE INFORMACOES DE REDE),9,0.00014955134596211366,79343.62,0.00013053975349213912
549,DIRETOR FINANCEIRO,12,0.00019940179461615153,79220.26999999999,0.00013033681242903593
550,TRABALHADOR NO CULTIVO DE TREPADEIRAS FRUTIFERAS,6,9.970089730807577e-05,77767.1,0.0001279459906643853
551,ELETRICISTA DE INSTALACOES (EDIFICIOS),6,9.970089730807577e-05,77706.97,0.00012784706203751542
552,PINTOR DE ESTRUTURAS METALICAS,12,0.00019940179461615153,77673.24,0.0001277915678984115
553,MECANICO DE MANUTENCAO DE VEICULOS FERROVIARIOS,5,8.308408109006314e-05,77327.07,0.0001272220331775811
554,PRODUTOR DE TEATRO,4,6.646726487205052e-05,77082.61,0.00012681983640185182
555,TECNICO MECANICO,9,0.00014955134596211366,76891.41,0.00012650526541469877
556,SERRADOR DE MADEIRA,2,3.323363243602526e-05,76286.70999999999,0.00012551038531045475
557,ESTIVADOR,8,0.00013293452974410104,76165.57,0.00012531108024045623
558,PROFESSOR DE HISTORIA DO ENSINO SUPERIOR,4,6.646726487205052e-05,75426.33,0.000124094848773181
559,SUPERVISOR DE VENDAS DE SERVICOS,7,0.0001163177135260884,75357.48,0.0001239815736033824
560,PIZZAIOLO,10,0.00016616816218012627,75237.78,0.000123784637687262
561,TOSADOR DE ANIMAIS DOMESTICOS,4,6.646726487205052e-05,75102.57,0.00012356218400957913
562,PINTOR A  PISTOLA (EXCETO OBRAS E ESTRUTURAS METALICAS),11,0.00018278497839813892,75100.9,0.00012355943644917877
563,MECANICO DE MANUTENCAO DE MAQUINAS TEXTEIS,4,6.646726487205052e-05,75083.7,0.000123531138222301
564,BILHETEIRO NO SERVICO DE DIVERSOES,4,6.646726487205052e-05,75000.0,0.0001233934311531341
565,GARAGISTA,9,0.00014955134596211366,74500.0,0.00012257080827877989
566,TECNICO DE MANUTENCAO ELETRICA,10,0.00016616816218012627,74308.63,0.00012225595759984956
567,ADMINISTRADOR DE FUNDOS E CARTEIRAS DE INVESTIMENTO,2,3.323363243602526e-05,74228.71,0.00012212446955961278
568,GUIA DE TURISMO,10,0.00016616816218012627,74181.22,0.0001220463368390066
569,PSICOLOGO DO TRABALHO,5,8.308408109006314e-05,74000.0,0.00012174818540442565
570,GUARDADOR DE VEICULOS,7,0.0001163177135260884,73961.7,0.00012168517249225011
571,PRACA DA MARINHA,7,0.0001163177135260884,73613.87000000001,0.00012111290666347687
572,OLEIRO (FABRICACAO DE TIJOLOS),16,0.0002658690594882021,73419.5,0.00012079312024730039
573,TECNICO FLORESTAL,10,0.00016616816218012627,72901.02,0.00011994009323151004
574,REPARADOR DE INSTRUMENTOS MUSICAIS,3,4.9850448654037884e-05,72500.0,0.00011928031678136296
575,CASEIRO (AGRICULTURA),9,0.00014955134596211366,71856.25,0.0001182211898306319
576,SUPERVISOR DE TESOURARIA,7,0.0001163177135260884,71659.7,0.00011789781677872326
577,DESIGNER DE VITRINES,5,8.308408109006314e-05,71434.03,0.00011752653417061222
578,GERENTE DE SUPRIMENTOS,4,6.646726487205052e-05,70500.0,0.00011598982528394606
579,TECNICO DE COMUNICACAO DE DADOS,8,0.00013293452974410104,70309.51,0.00011567642242127458
580,TECNICO EM PROGRAMACAO VISUAL,2,3.323363243602526e-05,70000.0,0.00011516720240959183
581,ANALISTA DE PCP (PROGRAMACAO E CONTROLE DA PRODUCAO),6,9.970089730807577e-05,69896.0,0.00011499609685172615
582,PROFESSOR DE DESENHO TECNICO,5,8.308408109006314e-05,69825.12,0.00011487948183305769
583,TECNICO EM NUTRICAO E DIETETICA,6,9.970089730807577e-05,69737.33,0.00011473504570877859
584,TREFILADOR DE BORRACHA,4,6.646726487205052e-05,69280.1,0.00011398278999509662
585,OPERADOR DE ATENDIMENTO AEROVIARIO,7,0.0001163177135260884,69087.85,0.00011366649149990743
586,TECNICO EM INSTRUMENTACAO,8,0.00013293452974410104,68516.06,0.0001127257564332534
587,TECNICO DE ALIMENTOS,8,0.00013293452974410104,68205.41,0.00011221466084141713
588,ANALISTA MUSICAL,6,9.970089730807577e-05,67824.94,0.00011158869419140602
589,TECNICO EM ATENDIMENTO E VENDAS,11,0.00018278497839813892,67732.56,0.00011143670638914033
590,RECEBEDOR DE APOSTAS (LOTERIA),15,0.0002492522432701894,67376.46,0.00011085083437802526
591,MEDICO CLINICO,11,0.00018278497839813892,67130.0,0.00011044534711079856
592,MONTADOR DE EQUIPAMENTOS ELETRICOS,9,0.00014955134596211366,66978.7,0.00011019642142901897
593,ENGENHEIRO DE SEGURANCA DO TRABALHO,5,8.308408109006314e-05,66650.0,0.00010965562915141851
594,DIRETOR DE CINEMA,2,3.323363243602526e-05,66602.66,0.00010957774321767466
595,ATENDENTE DE JUDICIARIO,9,0.00014955134596211366,66353.87,0.00010916842252785347
596,TRABALHADOR DE TRATAMENTO DO LEITE E FABRICACAO DE LATICINIOS E AFINS,20,0.00033233632436025255,66217.62,0.00010894425779459194
597,OPERADOR DE PAVIMENTADORA (ASFALTO CONCRETO E MATERIAIS SIMILARES),6,9.970089730807577e-05,66212.7,0.0001089361631855083
598,ENCARREGADO DE MANUTENCAO DE INSTRUMENTOS DE CONTROLE MEDICAO E SIMILARES,7,0.0001163177135260884,66200.0,0.00010891526856449971
599,PROFESSOR DE LITERATURA BRASILEIRA,4,6.646726487205052e-05,66015.73,0.00010861209913038518
600,AGENTE DE PATIO,4,6.646726487205052e-05,66000.0,0.00010858621941475802
601,ANALISTA DE TESTES DE TECNOLOGIA DA INFORMACAO,3,4.9850448654037884e-05,65975.68,0.00010854620703814942
602,PROFESSOR DE LINGUAS ESTRANGEIRAS MODERNAS,6,9.970089730807577e-05,65487.9,0.00010774368906684441
603,CONTROLADOR DE PRAGAS,12,0.00019940179461615153,65309.28,0.0001074498152712101
604,INFLUENCIADOR DIGITAL,5,8.308408109006314e-05,65088.89,0.00010708721956065225
605,CERAMISTA,12,0.00019940179461615153,65070.96000000001,0.00010705772030437793
606,MECANICO DE VEICULOS AUTOMOTORES A DIESEL (EXCETO TRATORES),6,9.970089730807577e-05,65019.33,0.0001069727762663721
607,PROFESSOR DE CIENCIAS BIOLOGICAS DO ENSINO SUPERIOR,2,3.323363243602526e-05,65000.0,0.00010694097366604956
608,ELETROTECNICO (PRODUCAO DE ENERGIA),4,6.646726487205052e-05,64900.0,0.00010677644909117871
609,CORRETOR DE IMOVEIS,3,4.9850448654037884e-05,64496.67,0.00010611287212335212
610,SUPERVISOR DE CAIXAS E BILHETEIROS (EXCETO CAIXA DE BANCO),7,0.0001163177135260884,64453.729999999996,0.00010604222527090258
611,OFICIAL DO REGISTRO DE TITULOS E DOCUMENTOS,7,0.0001163177135260884,64231.65,0.00010567684909502942
612,DATILOGRAFO,10,0.00016616816218012627,63431.28,0.00010436004375513563
613,MINEIRO,6,9.970089730807577e-05,63229.0,0.00010402724344508688
614,OPERADOR DE LAMINADOR,3,4.9850448654037884e-05,63000.0,0.00010365048216863264
615,OPERADOR DE MAQUINA DE USINAGEM MADEIRA EM GERAL,5,8.308408109006314e-05,62397.1,0.00010265856350673631
616,TECNICO MECANICO NA MANUTENCAO DE FERRAMENTAS,3,4.9850448654037884e-05,62200.0,0.00010233428556966588
617,SUPERVISOR DE TRANSPORTES,7,0.0001163177135260884,62133.5,0.00010222487672737678
618,MECANICO DE MANUTENCAO DE MOTOCICLETAS,2,3.323363243602526e-05,62000.0,0.00010200523641992419
619,SUPERVISOR DE ORCAMENTO,6,9.970089730807577e-05,61764.68,0.00010161807719033812
620,REPRESENTANTE COMERCIAL AUTONOMO,8,0.00013293452974410104,61670.67,0.00010146340763750204
621,ENCARREGADO DE COSTURA NA CONFECCAO DO VESTUARIO,8,0.00013293452974410104,61270.36,0.00010080479931183656
622,BALANCEIRO,12,0.00019940179461615153,61033.39,0.00010041492542676512
623,SELECIONADOR DE MATERIAL RECICLAVEL,7,0.0001163177135260884,61000.0,0.00010035999067121574
624,ELETRICISTA DE MANUTENCAO DE LINHAS ELETRICAS TELEFONICAS E DE COMUNICACAO DE DADOS,10,0.00016616816218012627,60899.77,0.00010019508768982269
625,PROGRAMADOR VISUAL GRAFICO,3,4.9850448654037884e-05,60875.0,0.00010015433495262719
626,OPERADOR DE ACABAMENTO (INDUSTRIA GRAFICA),5,8.308408109006314e-05,60336.0,9.926754749407332e-05
627,ENGENHEIRO AGRONOMO,12,0.00019940179461615153,60186.700000000004,9.902191230379116e-05
628,TECNOLOGO EM GESTAO HOSPITALAR,2,3.323363243602526e-05,59981.13,9.868369913522915e-05
629,TECNICO EM ELETROMECANICA,9,0.00014955134596211366,59795.0,9.837746954402206e-05
630,GERENTE DE COMPRAS,7,0.0001163177135260884,59749.32,9.830231471822104e-05
631,SUPERVISOR DE PRODUCAO DA INDUSTRIA ALIMENTICIA,11,0.00018278497839813892,59726.92,9.826546121344998e-05
632,INSTRUTOR DE APRENDIZAGEM E TREINAMENTO AGROPECUARIO,9,0.00014955134596211366,59448.08,9.780670088888012e-05
633,OPERADOR DE CALDEIRA,11,0.00018278497839813892,59392.75,9.771566944160407e-05
634,APRESENTADOR DE PROGRAMAS DE TELEVISAO,6,9.970089730807577e-05,59131.07,9.728514153408205e-05
635,PEDREIRO DE EDIFICACOES,10,0.00016616816218012627,58640.72,9.647839528120286e-05
636,TECNICO EM SONORIZACAO,14,0.0002326354270521768,58369.54,9.60322375390681e-05
637,ELETRICISTA DE INSTALACOES (VEICULOS AUTOMOTORES E MAQUINAS OPERATRIZES EXCETO AERONAVES E EMBARCACOES),9,0.00014955134596211366,58119.649999999994,9.562110707892334e-05
638,MODELISTA DE ROUPAS,6,9.970089730807577e-05,57985.57,9.540051252893652e-05
639,TECNOLOGO EM GESTAO ADMINISTRATIVO- FINANCEIRA,4,6.646726487205052e-05,57900.0,9.525972885021953e-05
640,DESENHISTA INDUSTRIAL DE PRODUTO (DESIGNER DE PRODUTO),8,0.00013293452974410104,57595.59,9.475889959185518e-05
641,ANALISTA DE DESEMBARACO ADUANEIRO,4,6.646726487205052e-05,57500.0,9.460163055073615e-05
642,SUPERVISOR DE EXPLORACAO AGRICOLA,19,0.00031571950814223993,57413.95,9.446005715405978e-05
643,EMENDADOR DE CABOS ELETRICOS E TELEFONICOS (AEREOS E SUBTERRANEOS),15,0.0002492522432701894,57125.54,9.398555182767478e-05
644,RETALHADOR DE CARNE,16,0.0002658690594882021,57119.369999999995,9.397540066140524e-05
645,ASSISTENTE DE COREOGRAFIA,4,6.646726487205052e-05,57094.43,9.393436823243246e-05
646,OPERADOR DE EXPLORACAO DE PETROLEO,2,3.323363243602526e-05,56431.71,9.28440309698484e-05
647,PREPARADOR DE TINTAS,5,8.308408109006314e-05,56357.0,9.272111465996239e-05
648,ADMINISTRADOR DE REDES,3,4.9850448654037884e-05,56000.0,9.213376192767347e-05
649,OPERADOR DE MOTONIVELADORA,11,0.00018278497839813892,55895.0,9.196101112405908e-05
650,AJUSTADOR MECANICO,11,0.00018278497839813892,55890.38,9.195341008870004e-05
651,GERENTE DE OPERACOES DE TRANSPORTES,4,6.646726487205052e-05,55500.0,9.131113905331924e-05
652,SONOPLASTA,2,3.323363243602526e-05,54824.66,9.020003878938648e-05
653,ENGENHEIRO DE PRODUCAO,6,9.970089730807577e-05,54626.880000000005,8.987464208520692e-05
654,PREPARADOR DE SUCATA E APARAS,3,4.9850448654037884e-05,54106.3,8.901816005334427e-05
655,OPERADOR DE TORNO COM COMANDO NUMERICO,6,9.970089730807577e-05,54000.95,8.884483341371783e-05
656,TRATADOR DE ANIMAIS,6,9.970089730807577e-05,53983.79,8.881660099666999e-05
657,DIRETOR TEATRAL,6,9.970089730807577e-05,53978.09,8.880722309590235e-05
658,TRABALHADOR DA AVICULTURA DE CORTE,7,0.0001163177135260884,53743.16,8.842070551215828e-05
659,DIRETOR DE  PRODUCAO E OPERACOES DE ALIMENTACAO,3,4.9850448654037884e-05,53672.63,8.830466632950187e-05
660,PROFESSOR DE ALUNOS COM DEFICIENCIA VISUAL,5,8.308408109006314e-05,53578.0,8.814897672430159e-05
661,ASCENSORISTA,5,8.308408109006314e-05,53458.14,8.795177756886139e-05
662,OPERADOR DE COMPACTADORA DE SOLOS,4,6.646726487205052e-05,53310.0,8.770805086364772e-05
663,TECNICO EM MUSEOLOGIA,7,0.0001163177135260884,53012.31,8.72182776567147e-05
664,PROFESSOR DE FISICA NO ENSINO MEDIO,11,0.00018278497839813892,52940.0,8.70993099366256e-05
665,TECNICO DE METEOROLOGIA,2,3.323363243602526e-05,52646.0,8.66156076865053e-05
666,COLORISTA TEXTIL,12,0.00019940179461615153,52605.14,8.654838294521308e-05
667,DESENHISTA PROJETISTA DE CONSTRUCAO CIVIL,5,8.308408109006314e-05,52500.0,8.637540180719388e-05
668,ACABADOR DE CALCADOS,6,9.970089730807577e-05,52319.81,8.60789449757341e-05
669,TECNICO QUIMICO,12,0.00019940179461615153,51971.1,8.550523133070196e-05
670,REDATOR DE TEXTOS TECNICOS,5,8.308408109006314e-05,51879.33,8.5354247128343e-05
671,PROFESSOR DE FILOSOFIA DO ENSINO SUPERIOR,4,6.646726487205052e-05,51409.47,8.458121196085484e-05
672,CONSERVADOR-RESTAURADOR DE BENS  CULTURAIS,7,0.0001163177135260884,51394.8,8.45570762057213e-05
673,MONTADOR DE MAQUINAS MOTORES E ACESSORIOS (MONTAGEM EM SERIE),5,8.308408109006314e-05,51300.0,8.440110690874373e-05
674,INSPETOR DE SINISTROS,5,8.308408109006314e-05,51000.0,8.390753318413119e-05
675,MONITOR DE DEPENDENTE QUIMICO,5,8.308408109006314e-05,50907.0,8.37545253295013e-05
676,INSTALADOR DE MATERIAL ISOLANTE A MAO (EDIFICACOES),5,8.308408109006314e-05,50642.67,8.33196375207452e-05
677,SACRISTAO,16,0.0002658690594882021,50609.74,8.326545957824023e-05
678,GERENTE DE SUPORTE TECNICO DE TECNOLOGIA DA INFORMACAO,9,0.00014955134596211366,50469.44,8.303463159969644e-05
679,ESTAMPADOR DE TECIDO,6,9.970089730807577e-05,50166.26,8.2535825993603e-05
680,TRADUTOR,2,3.323363243602526e-05,50000.0,8.226228743542273e-05
681,ENGENHEIRO DE ENERGIA,1,1.661681621801263e-05,50000.0,8.226228743542273e-05
682,POLICIAL PENAL,9,0.00014955134596211366,49682.85,8.174049774621985e-05
683,SUPERVISOR DE MANUTENCAO ELETROMECANICA INDUSTRIAL COMERCIAL E PREDIAL,7,0.0001163177135260884,49516.42,8.14666794962623e-05
684,OPERADOR DE ESTACAO DE BOMBEAMENTO,8,0.00013293452974410104,48897.22,8.044794332866203e-05
685,PESCADOR PROFISSIONAL,3,4.9850448654037884e-05,48840.0,8.035380236692093e-05
686,ARQUITETO DE PATRIMONIO,7,0.0001163177135260884,48820.25,8.032130876338394e-05
687,OPERADOR DE PA CARREGADEIRA,11,0.00018278497839813892,48792.02,8.027486347589789e-05
688,PSICOMOTRICISTA,3,4.9850448654037884e-05,48624.83,7.999979483917133e-05
689,ECONOMISTA DO SETOR PUBLICO,5,8.308408109006314e-05,48466.75,7.97397143912155e-05
690,SUPERVISOR DE COMPRAS,5,8.308408109006314e-05,48242.67,7.93710477238449e-05
691,SERRALHEIRO,13,0.00021601861083416418,47835.29,7.870080751073606e-05
692,OPERADOR DE ESCAVADEIRA,15,0.0002492522432701894,47797.33,7.863835398211509e-05
693,VISTORIADOR VEICULAR,8,0.00013293452974410104,47600.42,7.83143886417369e-05
694,MECANICO DE MANUTENCAO DE MAQUINAS AGRICOLAS,14,0.0002326354270521768,47375.58,7.79444715875973e-05
695,MONITOR DE TELEATENDIMENTO,4,6.646726487205052e-05,47307.69,7.783277585371748e-05
696,ARTESAO BORDADOR,7,0.0001163177135260884,47266.36,7.776477784692336e-05
697,TECNICO DE MANUTENCAO ELETRICA DE MAQUINA,4,6.646726487205052e-05,47202.5,7.765971245341084e-05
698,ARMADOR DE ESTRUTURA DE CONCRETO,15,0.0002492522432701894,47174.01,7.761283940203013e-05
699,TECNICO EM TURISMO,7,0.0001163177135260884,46801.08,7.699927790496429e-05
700,TECNICO DE IMOBILIZACAO ORTOPEDICA,3,4.9850448654037884e-05,46262.0,7.611235882675053e-05
701,PROFESSOR INSTRUTOR DE ENSINO E APRENDIZAGEM AGROFLORESTAL,3,4.9850448654037884e-05,45825.71,7.539455455904651e-05
702,SEPULTADOR,12,0.00019940179461615153,45728.06,7.523389631168514e-05
703,TECNICO DE ESTRADAS,2,3.323363243602526e-05,45250.0,7.444737012905757e-05
704,GERENTE DE CREDITO E COBRANCA,2,3.323363243602526e-05,45000.0,7.403605869188046e-05
705,COPEIRO DE HOSPITAL,7,0.0001163177135260884,44539.61,7.327860400163258e-05
706,SUPERVISOR DE OPERACAO DE FLUIDOS (DISTRIBUICAO CAPTACAO TRATAMENTO DE AGUA GASES VAPOR),4,6.646726487205052e-05,44500.0,7.321343581752624e-05
707,AMOSTRADOR DE MINERIOS,7,0.0001163177135260884,43833.33,7.211659983423477e-05
708,AGENTE DE ESTACAO (FERROVIA E METRO),2,3.323363243602526e-05,43720.93,7.193167421207994e-05
709,ESTETICISTA,6,9.970089730807577e-05,43300.0,7.123914091907609e-05
710,FERRAMENTEIRO,6,9.970089730807577e-05,43154.979999999996,7.100054738059839e-05
711,GEOGRAFO,3,4.9850448654037884e-05,43146.35,7.098634890978704e-05
712,LAVADOR DE ROUPAS  A MAQUINA,4,6.646726487205052e-05,42877.0,7.054320196737241e-05
713,CHEFE DE CONTABILIDADE (TECNICO),14,0.0002326354270521768,42854.92,7.050687494124092e-05
714,TECNICO DE MINERACAO,3,4.9850448654037884e-05,42850.0,7.049878033215729e-05
715,LABORATORISTA FOTOGRAFICO,4,6.646726487205052e-05,42775.64,7.037643985828332e-05
716,GESSEIRO,9,0.00014955134596211366,42511.64,6.994209498062429e-05
717,DIRETOR DE PROGRAMAS DE TELEVISAO,3,4.9850448654037884e-05,42500.0,6.992294432010933e-05
718,QUIMICO,3,4.9850448654037884e-05,42087.76,6.924470821266176e-05
719,ENGENHEIROS DE SISTEMAS OPERACIONAIS EM COMPUTACAO,3,4.9850448654037884e-05,42000.0,6.91003214457551e-05
720,DESENHISTA DETALHISTA,2,3.323363243602526e-05,41900.0,6.893579687088425e-05
721,MECANICO DE MANUTENCAO DE MOTORES DIESEL (EXCETO DE VEICULOS AUTOMOTORES),5,8.308408109006314e-05,41887.25,6.891481998758822e-05
722,SUPERVISOR DE ALMOXARIFADO,13,0.00021601861083416418,41667.92,6.855396823752399e-05
723,SERRADOR DE MADEIRA (SERRA CIRCULAR MULTIPLA),2,3.323363243602526e-05,41598.52,6.843978818256362e-05
724,ENGENHEIRO MECANICO,2,3.323363243602526e-05,41586.0,6.84191897057898e-05
725,MASSEIRO (MASSAS ALIMENTICIAS),10,0.00016616816218012627,41509.4,6.829316388143874e-05
726,COZINHEIRO DE HOSPITAL,6,9.970089730807577e-05,41500.0,6.827769857140088e-05
727,GUIA FLORESTAL,6,9.970089730807577e-05,41466.03,6.822180957331725e-05
728,ANALISTA DE PRODUTOS BANCARIOS,2,3.323363243602526e-05,41187.68,6.776385541916425e-05
729,SUPERVISOR DE EXPLORACAO AGROPECUARIA,5,8.308408109006314e-05,41079.79,6.75863498553361e-05
730,PESQUISADOR DE CLINICA MEDICA,2,3.323363243602526e-05,41000.0,6.745507569704665e-05
731,SAPATEIRO (CALCADOS SOB MEDIDA),18,0.0002991026919242273,40470.0,6.658309545023116e-05
732,TITERITEIRO,2,3.323363243602526e-05,40000.0,6.580982994833818e-05
733,FISIOTERAPEUTA  DO TRABALHO,1,1.661681621801263e-05,40000.0,6.580982994833818e-05
734,PROFESSOR DE COMPUTACAO (NO ENSINO SUPERIOR),5,8.308408109006314e-05,40000.0,6.580982994833818e-05
735,ELETRICISTA DE INSTALACOES (CENARIOS),1,1.661681621801263e-05,40000.0,6.580982994833818e-05
736,REPARADOR DE RADIO TV E SOM,3,4.9850448654037884e-05,39660.8,6.525176259037629e-05
737,TRABALHADOR NA CULTURA DE DENDE,8,0.00013293452974410104,38934.9,6.405747870138882e-05
738,FISCAL DE ATIVIDADES URBANAS,9,0.00014955134596211366,38873.77,6.395690482877027e-05
739,SUSHIMAN,7,0.0001163177135260884,38868.83,6.394877731477165e-05
740,LAVADEIRO EM GERAL,6,9.970089730807577e-05,38695.14,6.366301458067848e-05
741,OPERADOR DE MAQUINA DE ENVASAR LIQUIDOS,4,6.646726487205052e-05,38600.0,6.350648590014636e-05
742,SARGENTO BOMBEIRO MILITAR,6,9.970089730807577e-05,38117.36,6.27124244919897e-05
743,OPERADOR DE PROCESSO (QUIMICA PETROQUIMICA E AFINS),3,4.9850448654037884e-05,38000.0,6.251933845092128e-05
744,SUBTENENTE DA POLICIA MILITAR,6,9.970089730807577e-05,38000.0,6.251933845092128e-05
745,TECNICO DE APOIO EM PESQUISA E DESENVOLVIMENTO AGROPECUARIO FLORESTAL,3,4.9850448654037884e-05,38000.0,6.251933845092128e-05
746,ARTESAO COM MATERIAL RECICLAVEL,11,0.00018278497839813892,37872.95,6.231030997854787e-05
747,OPERADOR DE CENTRO DE CONTROLE,3,4.9850448654037884e-05,37832.259999999995,6.224336492903292e-05
748,ENCARREGADO DE EQUIPE DE CONSERVACAO DE VIAS PERMANENTES (EXCETO TRILHOS),11,0.00018278497839813892,37711.26,6.20442901934392e-05
749,TECNICO DE LABORATORIO E FISCALIZACAO DESPORTIVA,3,4.9850448654037884e-05,37375.6,6.149204700542772e-05
750,ADMINISTRADOR EM SEGURANCA DA INFORMACAO,3,4.9850448654037884e-05,37000.0,6.087409270221282e-05
751,EMBALADOR A MAQUINA,6,9.970089730807577e-05,36567.5,6.0162523915896416e-05
752,TRABALHADOR DA CULTURA DE MILHO E SORGO,13,0.00021601861083416418,36541.39,6.011956654939764e-05
753,SUPERVISOR DA MANUTENCAO E REPARACAO DE VEICULOS LEVES,4,6.646726487205052e-05,36000.0,5.922884695350437e-05
754,ENCARREGADO DE MANUTENCAO MECANICA DE SISTEMAS OPERACIONAIS,3,4.9850448654037884e-05,35997.71,5.9225079340739826e-05
755,ATLETA PROFISSIONAL DE FUTEBOL,4,6.646726487205052e-05,35708.0,5.87484351948815e-05
756,OPERADOR DE PROJETOR CINEMATOGRAFICO,3,4.9850448654037884e-05,35681.41,5.870468811042335e-05
757,TECNICO DE ENFERMAGEM DA ESTRATEGIA DE SAUDE DA FAMILIA,5,8.308408109006314e-05,35623.770000000004,5.8609856145467794e-05
758,ENTREVISTADOR DE PESQUISAS DE MERCADO,2,3.323363243602526e-05,35100.0,5.774812577966676e-05
759,OPERADOR DE COLHEDOR FLORESTAL,4,6.646726487205052e-05,35029.92,5.763282695759727e-05
760,MESTRE DE FERRAMENTARIA,1,1.661681621801263e-05,35000.0,5.7583601204795915e-05
761,OPERADOR DE MAQUINAS OPERATRIZES,5,8.308408109006314e-05,34600.270000000004,5.6925947121664694e-05
762,PINTOR A PINCEL E ROLO (EXCETO OBRAS E ESTRUTURAS METALICAS),5,8.308408109006314e-05,34472.07,5.671502661668026e-05
763,OFICIAL DO EXERCITO,3,4.9850448654037884e-05,34200.0,5.6267404605829155e-05
764,PROFESSOR DE OUTRAS LINGUAS E LITERATURAS,3,4.9850448654037884e-05,34200.0,5.6267404605829155e-05
765,TECELAO DE MALHAS A  MAQUINA,3,4.9850448654037884e-05,34033.729999999996,5.599384959519139e-05
766,ENCARREGADO DE CORTE NA CONFECCAO DO VESTUARIO,2,3.323363243602526e-05,34023.96,5.597777554422651e-05
767,ATLETA PROFISSIONAL (OUTRAS MODALIDADES),1,1.661681621801263e-05,33796.42,5.560341632656539e-05
768,ALINHADOR DE PNEUS,4,6.646726487205052e-05,33361.0,5.488704342266276e-05
769,ADMINISTRADOR DE SISTEMAS OPERACIONAIS,6,9.970089730807577e-05,33094.18,5.444805895199237e-05
770,ENGENHEIRO ELETRICISTA,2,3.323363243602526e-05,33000.0,5.429310970737901e-05
771,GERENTE DE AGENCIA,5,8.308408109006314e-05,32565.66,5.3578513668884975e-05
772,ARTESAO MODELADOR (VIDROS),7,0.0001163177135260884,32424.98,5.334706049695667e-05
773,MEMBRO DE LIDERANCA QUILOMBOLA,3,4.9850448654037884e-05,32390.0,5.328950980066685e-05
774,PINTOR DE VEICULOS (REPARACAO),2,3.323363243602526e-05,32228.11,5.302316096640844e-05
775,SUPERVISOR DAS ARTES GRAFICAS  (INDUSTRIA EDITORIAL E GRAFICA),4,6.646726487205052e-05,32035.0,5.270544755987535e-05
776,APRESENTADOR DE PROGRAMAS DE RADIO,2,3.323363243602526e-05,32000.0,5.2647863958670555e-05
777,AVALIADOR DE PRODUTOS DO MEIO DE COMUNICACAO,2,3.323363243602526e-05,32000.0,5.2647863958670555e-05
778,PREPARADOR DE ATLETA,2,3.323363243602526e-05,32000.0,5.2647863958670555e-05
779,OPERADOR DE MAQUINAS DE FABRICACAO DE DOCES SALGADOS E MASSAS ALIMENTICIAS,5,8.308408109006314e-05,31742.56,5.222431189312305e-05
780,ECONOMISTA,2,3.323363243602526e-05,31652.53,5.2076190418366826e-05
781,OPERADOR DE COLHEITADEIRA,9,0.00014955134596211366,31641.23,5.2057599141406416e-05
782,OPERADOR DE LINHA DE MONTAGEM (APARELHOS ELETRONICOS),2,3.323363243602526e-05,31557.14,5.191925042639752e-05
783,PROPAGANDISTA DE PRODUTOS FAMACEUTICOS,4,6.646726487205052e-05,31546.0,5.1900922388756915e-05
784,OPERADOR DE GUINDASTE MOVEL,5,8.308408109006314e-05,31326.38,5.1539593517425564e-05
785,INSTALADOR DE TUBULACOES,6,9.970089730807577e-05,31059.16,5.109995094845569e-05
786,TECNICO EM SAUDE BUCAL DA ESTRATEGIA DE SAUDE DA FAMILIA,1,1.661681621801263e-05,31000.0,5.1002618209962094e-05
787,COMERCIANTE ATACADISTA,9,0.00014955134596211366,30875.0,5.079696249137354e-05
788,AGENTE TECNICO DE INTELIGENCIA,2,3.323363243602526e-05,30840.0,5.073937889016874e-05
789,TREINADOR PROFISSIONAL DE FUTEBOL,2,3.323363243602526e-05,30684.28,5.048318122217986e-05
790,TRABALHADOR DE PECUARIA POLIVALENTE,10,0.00016616816218012627,30638.620000000003,5.040805930129384e-05
791,DESENHISTA TECNICO (INDUSTRIA TEXTIL),1,1.661681621801263e-05,30600.0,5.0344519910478714e-05
792,OPERADOR DE TREM DE METRO,1,1.661681621801263e-05,30254.15,4.9775511668287896e-05
793,ANALISTA DE PROJETOS LOGISTICOS,1,1.661681621801263e-05,30000.0,4.935737246125364e-05
794,TECNICO DE ACABAMENTO EM SIDERURGIA,1,1.661681621801263e-05,30000.0,4.935737246125364e-05
795,PROFESSOR DE FISIOTERAPIA,1,1.661681621801263e-05,30000.0,4.935737246125364e-05
796,SOCIOLOGO,2,3.323363243602526e-05,30000.0,4.935737246125364e-05
797,MAQUIADOR,1,1.661681621801263e-05,30000.0,4.935737246125364e-05
798,ENGENHEIRO DE PESCA,1,1.661681621801263e-05,30000.0,4.935737246125364e-05
799,PALHACO,1,1.661681621801263e-05,30000.0,4.935737246125364e-05
800,TECNICO DE OPERACOES E SERVICOS BANCARIOS - CAMBIO,1,1.661681621801263e-05,30000.0,4.935737246125364e-05
801,OPERADOR DE ABASTECIMENTO DE COMBUSTIVEL DE AERONAVE,1,1.661681621801263e-05,30000.0,4.935737246125364e-05
802,VENDEDOR AMBULANTE,1,1.661681621801263e-05,30000.0,4.935737246125364e-05
803,TECELAO (TEAR AUTOMATICO),1,1.661681621801263e-05,30000.0,4.935737246125364e-05
804,MONTADOR DE EQUIPAMENTOS ELETRICOS (CENTRAIS ELETRICAS),4,6.646726487205052e-05,29847.39,4.910629150754324e-05
805,CLASSIFICADOR DE MADEIRA,4,6.646726487205052e-05,29758.33,4.8959765921163274e-05
806,ESCARFADOR,1,1.661681621801263e-05,29635.33,4.8757400694072134e-05
807,DIRIGENTE E ADMINISTRADOR DE ORGANIZACAO RELIGIOSA,2,3.323363243602526e-05,29500.0,4.8534749586899414e-05
808,DANCARINO TRADICIONAL,5,8.308408109006314e-05,29473.69,4.849146317125089e-05
809,CORTADOR DE ARTEFATOS DE COURO (EXCETO ROUPAS E CALCADOS),3,4.9850448654037884e-05,29278.72,4.817068960762521e-05
810,OPERADOR DE PROCESSOS QUIMICOS E PETROQUIMICOS,4,6.646726487205052e-05,29214.0,4.8064209302768794e-05
811,COMISSARIO DE VOO,3,4.9850448654037884e-05,29214.0,4.8064209302768794e-05
812,OPERADOR DE ACABAMENTO DE PECAS FUNDIDAS,7,0.0001163177135260884,29188.59,4.8022403608294113e-05
813,INSTALADOR DE SISTEMAS FOTOVOLTAICOS,4,6.646726487205052e-05,29163.489999999998,4.798110794000153e-05
814,TECNICO EM FARMACIA,3,4.9850448654037884e-05,29029.0,4.7759838839257734e-05
815,MESTRE (INDUSTRIA DE AUTOMOTORES E MATERIAL DE TRANSPORTES),3,4.9850448654037884e-05,28300.0,4.656045468844927e-05
816,PROFESSOR DE ALUNOS COM DEFICIENCIA FISICA,2,3.323363243602526e-05,28263.42,4.6500271598961514e-05
817,MOLDADOR DE BORRACHA POR COMPRESSAO,3,4.9850448654037884e-05,28200.0,4.639593011357842e-05
818,CLASSIFICADOR E EMPILHADOR DE TIJOLOS REFRATARIOS,3,4.9850448654037884e-05,28144.190000000002,4.630410894834301e-05
819,TELEOPERADOR,5,8.308408109006314e-05,28030.0,4.611623833629799e-05
820,INTERPRETE,4,6.646726487205052e-05,27908.73,4.591671938435211e-05
821,OPERADOR DE CENTRO DE USINAGEM COM COMANDO NUMERICO,4,6.646726487205052e-05,27722.52,4.561035817348511e-05
822,OFICIAL DA AERONAUTICA,2,3.323363243602526e-05,27651.91,4.549418737116881e-05
823,SUPERVISOR DE CARGA E DESCARGA,11,0.00018278497839813892,27558.22,4.5340044296972316e-05
824,DIRETOR DE RECURSOS HUMANOS,10,0.00016616816218012627,27216.63,4.477804480167099e-05
825,MONITOR DE RESSOCIALIZACAO PRISIONAL,4,6.646726487205052e-05,27000.0,4.442163521512828e-05
826,ENGENHEIRO FLORESTAL,3,4.9850448654037884e-05,26875.0,4.421597949653972e-05
827,TOPOGRAFO,11,0.00018278497839813892,26608.77,4.377796572086107e-05
828,PROFESSOR DE MATEMATICA APLICADA (NO ENSINO SUPERIOR),3,4.9850448654037884e-05,26500.0,4.359901234077405e-05
829,OPERADOR DE TURISMO,6,9.970089730807577e-05,26478.43,4.356352438997441e-05
830,AVALIADOR DE IMOVEIS,3,4.9850448654037884e-05,26424.48,4.347476338183159e-05
831,TECNICO MECANICO (MAQUINAS),4,6.646726487205052e-05,26414.28,4.345798187519476e-05
832,TRABALHADOR NO CULTIVO DE ESPECIES FRUTIFERAS RASTEIRAS,12,0.00019940179461615153,26358.05,4.336546970674488e-05
833,MOLDADOR DE PLASTICO POR INJECAO,8,0.00013293452974410104,26239.02,4.316963610527612e-05
834,EDITOR DE JORNAL,2,3.323363243602526e-05,26166.67,4.305060257535706e-05
835,PREPARADOR DE SOLAS E PALMILHAS,2,3.323363243602526e-05,26014.05,4.2799505169189176e-05
836,CLASSIFICADOR DE GRAOS,2,3.323363243602526e-05,26000.0,4.2776389466419827e-05
837,FARMACEUTICO ANALISTA CLINICO,2,3.323363243602526e-05,26000.0,4.2776389466419827e-05
838,TECNICO DE TRIBUTOS MUNICIPAL,6,9.970089730807577e-05,25962.3,4.2714363701693516e-05
839,GERENTE DE PRODUCAO DE TECNOLOGIA DA INFORMACAO,3,4.9850448654037884e-05,25750.9,4.236655875041655e-05
840,OPERADOR DE INSTALACAO DE REFRIGERACAO,2,3.323363243602526e-05,25750.0,4.2365078029242706e-05
841,FISCAL DE PATIO DE USINA DE CONCRETO,1,1.661681621801263e-05,25700.85,4.2284214200693685e-05
842,ATENDENTE DE LAVANDERIA,2,3.323363243602526e-05,25681.79,4.225285581672331e-05
843,MONTADOR DE EQUIPAMENTOS ELETRICOS (TRANSFORMADORES),5,8.308408109006314e-05,25597.97,4.211495131806656e-05
844,TRABALHADOR DE FABRICACAO DE SORVETE,4,6.646726487205052e-05,25500.0,4.195376659206559e-05
845,ENCARREGADO GERAL DE OPERACOES DE CONSERVACAO DE VIAS PERMANENTES (EXCETO TRILHOS),6,9.970089730807577e-05,25440.120000000003,4.185524927663294e-05
846,INSTALADOR DE SISTEMAS ELETROELETRONICOS DE SEGURANCA,6,9.970089730807577e-05,25430.66,4.1839685251850154e-05
847,AJUSTADOR FERRAMENTEIRO,3,4.9850448654037884e-05,25247.71,4.1538687542123936e-05
848,SINALEIRO (PONTE-ROLANTE),7,0.0001163177135260884,25200.0,4.146019286745306e-05
849,IMPRESSOR DE CORTE E VINCO,4,6.646726487205052e-05,25000.0,4.1131143717711366e-05
850,PSICOLOGO HOSPITALAR,3,4.9850448654037884e-05,24800.0,4.080209456796968e-05
851,INSPETOR DE RISCO,11,0.00018278497839813892,24742.73,4.070787134394114e-05
852,PILOTO FLUVIAL,4,6.646726487205052e-05,24732.940000000002,4.069176438806129e-05
853,POLIDOR DE METAIS,5,8.308408109006314e-05,24601.46,4.04754474770211e-05
854,IMPRESSOR DE OFSETE (PLANO E ROTATIVO),5,8.308408109006314e-05,24593.65,4.046259810772369e-05
855,EMISSOR DE PASSAGENS,6,9.970089730807577e-05,24542.0,4.03776211648029e-05
856,PLATAFORMISTA (PETROLEO),2,3.323363243602526e-05,24500.0,4.030852084335714e-05
857,INSTALADOR-REPARADOR DE EQUIPAMENTOS DE COMUTACAO EM TELEFONIA,5,8.308408109006314e-05,24308.6,3.999362080705434e-05
858,FUNDIDOR DE METAIS,3,4.9850448654037884e-05,24282.35,3.9950433106150745e-05
859,ATUARIO,4,6.646726487205052e-05,24171.379999999997,3.976786018541656e-05
860,SUPERVISOR DE APOIO OPERACIONAL NA MINERACAO,2,3.323363243602526e-05,24084.92,3.962561223798323e-05
861,COSTUREIRO DE ROUPAS DE COURO E PELE A  MAQUINA NA  CONFECCAO EM SERIE,2,3.323363243602526e-05,24050.0,3.956816025643834e-05
862,GERENTE DE PRODUCAO E OPERACOES AGROPECUARIAS,7,0.0001163177135260884,24002.27,3.9489632676852484e-05
863,PINTOR DE LETREIROS,3,4.9850448654037884e-05,24000.0,3.948589796900291e-05
864,AUXILIAR DE ESTATISTICA,2,3.323363243602526e-05,23872.22,3.927566846723295e-05
865,CORTADOR DE PEDRAS,7,0.0001163177135260884,23862.4,3.9259512153980634e-05
866,TRABALHADOR DA PECUARIA (BOVINOS LEITE),5,8.308408109006314e-05,23800.0,3.9156848819261226e-05
867,PESQUISADOR EM BIOLOGIA DE MICROORGANISMOS E PARASITAS,4,6.646726487205052e-05,23646.07,3.890359614116253e-05
868,ASSISTENTE TECNICO DE SEGUROS,1,1.661681621801263e-05,23500.0,3.8663275094648686e-05
869,TECNICO EM FOTONICA,7,0.0001163177135260884,23452.51,3.858514237404252e-05
870,OPERADOR DE REBOBINADEIRA NA FABRICACAO DE PAPEL E PAPELAO,2,3.323363243602526e-05,23421.56,3.8534222018119994e-05
871,FISIOTERAPEUTA RESPIRATORIA,2,3.323363243602526e-05,23408.73,3.851311351516407e-05
872,TECNICO EM MECATRONICA - AUTOMACAO DA MANUFATURA,3,4.9850448654037884e-05,23230.89,3.8220523011213755e-05
873,INSTALADOR-REPARADOR DE REDES E CABOS TELEFONICOS,8,0.00013293452974410104,23103.5,3.8010935155285786e-05
874,CORTADOR DE VIDRO,1,1.661681621801263e-05,23000.0,3.784065222029446e-05
875,SUPERVISOR DE COBRANCA,3,4.9850448654037884e-05,22919.91,3.77088844882804e-05
876,SUPERVISOR DE DIGITACAO E OPERACAO,3,4.9850448654037884e-05,22900.0,3.767612764542361e-05
877,PERITO CRIMINAL,3,4.9850448654037884e-05,22768.68,3.746007397370322e-05
878,PRENSISTA (OPERADOR DE PRENSA),5,8.308408109006314e-05,22736.61,3.740731094254214e-05
879,OPERADOR DE CARREGADEIRA,5,8.308408109006314e-05,22708.63,3.7361276966493275e-05
880,AGENTE DE PROTECAO DE AEROPORTO,1,1.661681621801263e-05,22400.0,3.6853504771069386e-05
881,COORDENADOR DE OPERACOES DE COMBATE A POLUICAO NO MEIO AQUAVIARIO,6,9.970089730807577e-05,22242.65,3.6594625352510114e-05
882,PROFESSOR DE LINGUA ALEMA,3,4.9850448654037884e-05,22121.5,3.639530383005408e-05
883,FORNEIRO DE REAQUECIMENTO E TRATAMENTO TERMICO NA METALURGIA,1,1.661681621801263e-05,22000.0,3.6195406471586006e-05
884,MONTADOR DE MAQUINAS AGRICOLAS,2,3.323363243602526e-05,22000.0,3.6195406471586006e-05
885,OPERADOR DE RADIO-CHAMADA,2,3.323363243602526e-05,22000.0,3.6195406471586006e-05
886,PRIMEIRO TENENTE DE POLICIA MILITAR,4,6.646726487205052e-05,21700.0,3.5701832746973465e-05
887,OPERADOR DE CONTROLE MESTRE,3,4.9850448654037884e-05,21700.0,3.5701832746973465e-05
888,AUXILIAR TECNICO EM LABORATORIO DE FARMACIA,4,6.646726487205052e-05,21400.0,3.520825902236093e-05
889,SUPERVISOR  (INDUSTRIA DE CALCADOS E ARTEFATOS DE COURO),6,9.970089730807577e-05,21390.16,3.519206980419364e-05
890,DESENHISTA COPISTA,2,3.323363243602526e-05,21205.0,3.4887436101362785e-05
891,RECEPCIONISTA DE CASAS DE ESPETACULOS,2,3.323363243602526e-05,20914.0,3.4408669588488625e-05
892,ESTOFADOR DE MOVEIS,9,0.00014955134596211366,20764.71,3.4163050850663935e-05
893,BORDADOR A MAQUINA,3,4.9850448654037884e-05,20600.0,3.3892062423394165e-05
894,TECNICO DE TRIBUTOS ESTADUAL,2,3.323363243602526e-05,20500.0,3.3727537848523325e-05
895,OPERADOR DE FORNO (SERVICOS FUNERARIOS),1,1.661681621801263e-05,20500.0,3.3727537848523325e-05
896,ENGENHEIRO ELETRICISTA DE PROJETOS,3,4.9850448654037884e-05,20140.4,3.3135907477287766e-05
897,ARTESAO ESCULTOR,5,8.308408109006314e-05,20073.440000000002,3.302574182195425e-05
898,AUDITOR-FISCAL DA RECEITA FEDERAL,1,1.661681621801263e-05,20000.0,3.290491497416909e-05
899,DECORADOR DE INTERIORES DE NIVEL SUPERIOR,1,1.661681621801263e-05,20000.0,3.290491497416909e-05
900,INSPETOR DE TERRAPLENAGEM,1,1.661681621801263e-05,20000.0,3.290491497416909e-05
901,DESENHISTA TECNICO DE EMBALAGENS MAQUETES E LEIAUTES,1,1.661681621801263e-05,20000.0,3.290491497416909e-05
902,PREPARADOR DE MAQUINAS-FERRAMENTA,2,3.323363243602526e-05,20000.0,3.290491497416909e-05
903,OPERADOR DE MAQUINA DE FABRICAR PAPEL E PAPELAO,1,1.661681621801263e-05,20000.0,3.290491497416909e-05
904,PROCURADOR DO MUNICIPIO,4,6.646726487205052e-05,19997.97,3.290157512529922e-05
905,MECANICO DE REFRIGERACAO,7,0.0001163177135260884,19848.39,3.265547926620741e-05
906,ENFERMEIRO DE TERAPIA INTENSIVA,1,1.661681621801263e-05,19840.35,3.264225149038779e-05
907,DESPACHANTE DOCUMENTALISTA,5,8.308408109006314e-05,19807.550000000003,3.2588287429830154e-05
908,FORNEIRO E OPERADOR (ALTO-FORNO),4,6.646726487205052e-05,19762.2,3.251367553512622e-05
909,ANALISTA DE TRANSPORTE EM COMERCIO EXTERIOR,5,8.308408109006314e-05,19750.0,3.249360353699198e-05
910,INSTALADOR DE SOM E ACESSORIOS DE VEICULOS,4,6.646726487205052e-05,19570.23,3.219783770874666e-05
911,OPERADOR DE SUBESTACAO,5,8.308408109006314e-05,19502.35,3.208615842732433e-05
912,MORDOMO DE HOTELARIA,2,3.323363243602526e-05,19500.0,3.2082292099814865e-05
913,TRABALHADOR DA EXPLORACAO DE RESINAS,2,3.323363243602526e-05,19500.0,3.2082292099814865e-05
914,TRABALHADOR NA PRODUCAO DE MUDAS E SEMENTES,8,0.00013293452974410104,19387.489999999998,3.189718550062768e-05
915,LUBRIFICADOR DE VEICULOS AUTOMOTORES (EXCETO EMBARCACOES),7,0.0001163177135260884,19241.66,3.1657259313093525e-05
916,EMBALSAMADOR,2,3.323363243602526e-05,19209.61,3.160452918684742e-05
917,OLEIRO (FABRICACAO DE TELHAS),4,6.646726487205052e-05,19187.5,3.156815280334348e-05
918,MOTOTAXISTA,5,8.308408109006314e-05,19179.62,3.155518826684365e-05
919,GERENTE DE ALMOXARIFADO,6,9.970089730807577e-05,19179.18,3.1554464358714224e-05
920,TRABALHADOR DA SUINOCULTURA,8,0.00013293452974410104,19060.15,3.135863075724545e-05
921,MESTRE (INDUSTRIA TEXTIL E DE CONFECCOES),4,6.646726487205052e-05,19020.54,3.1293462573139115e-05
922,CERIMONIALISTA,3,4.9850448654037884e-05,19000.0,3.125966922546064e-05
923,SUPERVISOR DA AREA FLORESTAL,3,4.9850448654037884e-05,19000.0,3.125966922546064e-05
924,TRANCADOR DE CABOS DE ACO,2,3.323363243602526e-05,18900.0,3.109514465058979e-05
925,CAMINHONEIRO AUTONOMO (ROTAS REGIONAIS E INTERNACIONAIS),2,3.323363243602526e-05,18637.07,3.066256018588188e-05
926,ESTATISTICO,2,3.323363243602526e-05,18408.73,3.0286884771621793e-05
927,OPERADOR DE CENTRAL HIDRELETRICA,4,6.646726487205052e-05,18271.129999999997,3.0060498956599504e-05
928,CORTADOR DE ROUPAS,6,9.970089730807577e-05,18246.14,3.0019384265339283e-05
929,REPARADOR DE EQUIPAMENTOS DE ESCRITORIO,2,3.323363243602526e-05,18234.36,3.00000032704195e-05
930,INSTALADOR DE TUBULACOES DE GAS COMBUSTIVEL (PRODUCAO E DISTRIBUICAO),1,1.661681621801263e-05,18200.0,2.9943472626493878e-05
931,PROFESSOR DE TECNICAS DE ENFERMAGEM,3,4.9850448654037884e-05,18000.0,2.9614423476752185e-05
932,AUXILIAR DE LABORATORIO DE IMUNOBIOLOGICOS,3,4.9850448654037884e-05,18000.0,2.9614423476752185e-05
933,DIRETOR DE CRIACAO,3,4.9850448654037884e-05,17868.96,2.9398830473841428e-05
934,CONSERVADOR DE VIA PERMANENTE (TRILHOS),4,6.646726487205052e-05,17844.03,2.9357814497326125e-05
935,PESQUISADOR DE ENGENHARIA MECANICA,1,1.661681621801263e-05,17715.84,2.914691044479919e-05
936,TRABALHADOR DA CULTURA DE FUMO,3,4.9850448654037884e-05,17634.36,2.9012855821194426e-05
937,PROFESSOR DE LINGUA ESPANHOLA,6,9.970089730807577e-05,17528.64,2.8838920440640967e-05
938,CORTADOR DE LAMINADOS DE MADEIRA,3,4.9850448654037884e-05,17500.0,2.8791800602397958e-05
939,OPERADOR DE FORNO (FABRICACAO DE PAES BISCOITOS E SIMILARES),5,8.308408109006314e-05,17427.55,2.867260254790403e-05
940,SUPERVISOR DE MANUTENCAO ELETROMECANICA,3,4.9850448654037884e-05,17387.0,2.86058878327939e-05
941,AJUDANTE DE CARVOARIA,7,0.0001163177135260884,17340.0,2.8528561282604604e-05
942,TRABALHADOR NO CULTIVO DE FLORES E FOLHAGENS DE CORTE,2,3.323363243602526e-05,17035.0,2.8026761329248528e-05
943,POLIDOR DE PEDRAS,3,4.9850448654037884e-05,17000.0,2.796917772804373e-05
944,DIRIGENTES DE ENTIDADES DE TRABALHADORES,2,3.323363243602526e-05,17000.0,2.796917772804373e-05
945,MODELISTA DE CALCADOS,2,3.323363243602526e-05,17000.0,2.796917772804373e-05
946,PROJETISTA DE SISTEMAS DE AUDIO,3,4.9850448654037884e-05,16681.41,2.7445018884962705e-05
947,MESTRE DE LAMINACAO,1,1.661681621801263e-05,16645.26,2.738554325114689e-05
948,GERENTE DE OPERACOES DE SERVICOS DE ASSISTENCIA TECNICA,5,8.308408109006314e-05,16640.0,2.7376889258508688e-05
949,AUXILIAR DE PROCESSAMENTO DE FUMO,3,4.9850448654037884e-05,16602.56,2.7315291257677046e-05
950,ENGENHEIRO DE APLICATIVOS EM COMPUTACAO,2,3.323363243602526e-05,16600.0,2.7311079428560347e-05
951,MONTADOR DE FILMES,2,3.323363243602526e-05,16500.0,2.7146554853689504e-05
952,SUPERVISOR DE OPERACAO ELETRICA (GERACAO TRANSMISSAO E DISTRIBUICAO DE ENERGIA ELETRICA),3,4.9850448654037884e-05,16500.0,2.7146554853689504e-05
953,MONTADOR DE EQUIPAMENTOS ELETRONICOS (ESTACAO DE RADIO TV E EQUIPAMENTOS DE RADAR),2,3.323363243602526e-05,16284.560000000001,2.6792103109587756e-05
954,OPERADOR DE EQUIPAMENTO DE DESTILACAO DE ALCOOL,4,6.646726487205052e-05,16259.21,2.6750396129857994e-05
955,DIRETOR DE IMAGENS (TV),2,3.323363243602526e-05,16070.28,2.643955985055451e-05
956,COZINHEIRO INDUSTRIAL,5,8.308408109006314e-05,16005.5,2.6332980830953174e-05
957,PROFESSOR DE ENGENHARIA,2,3.323363243602526e-05,16000.0,2.6323931979335277e-05
958,AUDITOR-FISCAL DO TRABALHO,1,1.661681621801263e-05,16000.0,2.6323931979335277e-05
959,ENTREVISTADOR DE PRECOS,2,3.323363243602526e-05,16000.0,2.6323931979335277e-05
960,MECANICO DE MANUTENCAO DE MAQUINAS-FERRAMENTAS (USINAGEM DE METAIS),1,1.661681621801263e-05,16000.0,2.6323931979335277e-05
961,DESENHISTA TECNICO,3,4.9850448654037884e-05,15872.0,2.6113340523500594e-05
962,MONTADOR DE EQUIPAMENTOS ELETRICOS (INSTRUMENTOS DE MEDICAO),2,3.323363243602526e-05,15819.869999999999,2.602757386262042e-05
963,METROLOGISTA,3,4.9850448654037884e-05,15500.0,2.5501309104981047e-05
964,PROFESSOR DE FILOLOGIA E CRITICA TEXTUAL,4,6.646726487205052e-05,15198.43,2.500515234454304e-05
965,MEDICO NEUROLOGISTA,1,1.661681621801263e-05,15000.0,2.467868623062682e-05
966,ANALISTA DE COMPLIANCE,2,3.323363243602526e-05,15000.0,2.467868623062682e-05
967,OPERADOR DE PAINEL DE CONTROLE,1,1.661681621801263e-05,15000.0,2.467868623062682e-05
968,CHAVEIRO,1,1.661681621801263e-05,15000.0,2.467868623062682e-05
969,TECNICO EM MANUTENCAO DE HIDROMETROS,2,3.323363243602526e-05,15000.0,2.467868623062682e-05
970,DESENHISTA TECNICO MECANICO,1,1.661681621801263e-05,15000.0,2.467868623062682e-05
971,BILHETEIRO DE TRANSPORTES COLETIVOS,2,3.323363243602526e-05,14800.0,2.434963708088513e-05
972,SOLDADOR ELETRICO,3,4.9850448654037884e-05,14740.0,2.4250922335962624e-05
973,MECANICO DE MANUTENCAO DE MAQUINAS CORTADORAS DE GRAMA ROCADEIRAS MOTOSSERRAS E SIMILARES,5,8.308408109006314e-05,14701.369999999999,2.4187366492690014e-05
974,OPERADOR DE LINHA DE MONTAGEM (APARELHOS ELETRICOS),2,3.323363243602526e-05,14688.4,2.4166027655329265e-05
975,ANALISTA DE SEGUROS (TECNICO),2,3.323363243602526e-05,14636.12,2.408001420758679e-05
976,CALCETEIRO,5,8.308408109006314e-05,14594.83,2.4012082010622617e-05
977,PESQUISADOR EM PSICOLOGIA,1,1.661681621801263e-05,14480.0,2.3823158441298424e-05
978,MONTADOR DE INSTRUMENTOS DE OPTICA,3,4.9850448654037884e-05,14442.76,2.3761889489616523e-05
979,ACABADOR DE EMBALAGENS (FLEXIVEIS E CARTOTECNICAS),3,4.9850448654037884e-05,14314.52,2.355090317480215e-05
980,LIMPADOR DE PISCINAS,4,6.646726487205052e-05,14261.6,2.34638367697805e-05
981,TECNICO EM MANUTENCAO DE EQUIPAMENTOS E INSTRUMENTOS MEDICO-HOSPITALARES,2,3.323363243602526e-05,14250.0,2.344475191909548e-05
982,GERENTE DE HOTEL,4,6.646726487205052e-05,14250.0,2.344475191909548e-05
983,FUNILEIRO INDUSTRIAL,3,4.9850448654037884e-05,14246.0,2.3438170936100647e-05
984,FUNILEIRO DE VEICULOS (REPARACAO),3,4.9850448654037884e-05,14240.31,2.3428809487790495e-05
985,TECNICO DE SANEAMENTO,3,4.9850448654037884e-05,14140.76,2.326502527350657e-05
986,TECNOLOGO EM SEGURANCA DO TRABALHO,2,3.323363243602526e-05,14000.0,2.3033440481918367e-05
987,AUXILIAR DE ENFERMAGEM DO TRABALHO,1,1.661681621801263e-05,14000.0,2.3033440481918367e-05
988,CONSULTOR CONTABIL (TECNICO),2,3.323363243602526e-05,14000.0,2.3033440481918367e-05
989,OPERADOR DE INSTALACAO DE EXTRACAO PROCESSAMENTO ENVASAMENTO E DISTRIBUICAO DE GASES,2,3.323363243602526e-05,14000.0,2.3033440481918367e-05
990,MESTRE (INDUSTRIA DE BORRACHA E PLASTICO),2,3.323363243602526e-05,14000.0,2.3033440481918367e-05
991,PESQUISADOR EM CIENCIAS DA COMPUTACAO E INFORMATICA,3,4.9850448654037884e-05,13895.7,2.2861841350328074e-05
992,AFRETADOR,3,4.9850448654037884e-05,13800.0,2.2704391332176677e-05
993,DIRETOR DE SERVICOS DE INFORMATICA,5,8.308408109006314e-05,13561.0,2.2311177598235353e-05
994,OPERADOR DE MOTOSSERRA,7,0.0001163177135260884,13535.08,2.226853282842883e-05
995,MANOBRADOR,2,3.323363243602526e-05,13426.35,2.2089645258171762e-05
996,OPERADOR DE PROCESSO DE MOAGEM,3,4.9850448654037884e-05,13379.24,2.2012137730950104e-05
997,PROFESSOR DE MEDICINA VETERINARIA,2,3.323363243602526e-05,13344.28,2.195461993957526e-05
998,OPERADOR DE CAMINHAO (MINAS E PEDREIRAS),5,8.308408109006314e-05,13328.0,2.1927835338786283e-05
999,VIVEIRISTA FLORESTAL,5,8.308408109006314e-05,13216.21,2.1743913316538167e-05
1000,ENGENHEIRO DE CONTROLE DE QUALIDADE,3,4.9850448654037884e-05,13204.29,2.1724301987213563e-05
1001,DECORADOR DE EVENTOS,3,4.9850448654037884e-05,13200.0,2.1717243882951603e-05
1002,TECNOLOGO EM RADIOLOGIA,3,4.9850448654037884e-05,13086.1,2.152985039217371e-05
1003,OPERADOR DE DOCAGEM,2,3.323363243602526e-05,13000.0,2.1388194733209913e-05
1004,SUPERVISOR DE MONTAGEM E INSTALACAO ELETROELETRONICA,2,3.323363243602526e-05,13000.0,2.1388194733209913e-05
1005,TRABALHADOR DE PREPARACAO DE PESCADOS (LIMPEZA),3,4.9850448654037884e-05,12944.45,2.1296801331869157e-05
1006,CARBONIZADOR,2,3.323363243602526e-05,12903.79,2.1229905639726673e-05
1007,OPERADOR DE MAQUINA DE USINAGEM DE MADEIRA (PRODUCAO EM SERIE),2,3.323363243602526e-05,12890.0,2.1207217700851983e-05
1008,MARINHEIRO AUXILIAR DE CONVES (MARITIMO E AQUAVIARIO),2,3.323363243602526e-05,12849.24,2.1140157484134624e-05
1009,DIRETOR DE MANUTENCAO,6,9.970089730807577e-05,12830.0,2.1108502955929473e-05
1010,DESPACHANTE DE TRANSITO,1,1.661681621801263e-05,12822.5,2.109616361281416e-05
1011,OPERADOR DE TRATOR DE LAMINA,2,3.323363243602526e-05,12766.67,2.100430954266377e-05
1012,REPARADOR DE APARELHOS DE TELECOMUNICACOES EM LABORATORIO,3,4.9850448654037884e-05,12590.0,2.0713643976239447e-05
1013,OPERADOR DE MAQUINA DE COSTURA DE ACABAMENTO,8,0.00013293452974410104,12549.44,2.064691280867183e-05
1014,ESPECIALISTA EM PESQUISA OPERACIONAL,1,1.661681621801263e-05,12500.0,2.0565571858855683e-05
1015,ECONOMISTA FINANCEIRO,3,4.9850448654037884e-05,12213.9,2.0094867050150194e-05
1016,TECNICO DE OPERACAO (QUIMICA PETROQUIMICA E AFINS),4,6.646726487205052e-05,12186.42,2.0049655696975686e-05
1017,PRODUTOR AGROPECUARIO EM GERAL,1,1.661681621801263e-05,12183.36,2.004462124498464e-05
1018,MESTRE DE PINTURA (TRATAMENTO DE SUPERFICIES),4,6.646726487205052e-05,12090.91,1.9892518275516544e-05
1019,ACABADOR DE SUPERFICIES DE CONCRETO,2,3.323363243602526e-05,12000.0,1.9742948984501456e-05
1020,ASSISTENTE DE DIRECAO (TV),2,3.323363243602526e-05,12000.0,1.9742948984501456e-05
1021,TECNICO EM MIXAGEM DE AUDIO,2,3.323363243602526e-05,11972.49,1.9697688273954487e-05
1022,TECELAO DE MALHAS (MAQUINA RETILINEA),2,3.323363243602526e-05,11967.93,1.969018595334038e-05
1023,ARTESAO MOVELEIRO (EXCETO RECICLADO),1,1.661681621801263e-05,11919.91,1.9611181252487397e-05
1024,PROGRAMADOR DE INTERNET,1,1.661681621801263e-05,11783.73,1.9387131686428278e-05
1025,COZINHEIRO DE EMBARCACOES,2,3.323363243602526e-05,11735.43,1.9307666316765662e-05
1026,BILHETEIRO (ESTACOES DE METRO FERROVIARIAS E ASSEMELHADAS),3,4.9850448654037884e-05,11664.85,1.9191544871821818e-05
1027,TECNICO DE UTILIDADE (PRODUCAO E DISTRIBUICAO DE VAPOR GASES OLEOS COMBUSTIVEIS ENERGIA),2,3.323363243602526e-05,11615.78,1.9110812662932694e-05
1028,LUDOMOTRICISTA,2,3.323363243602526e-05,11522.15,1.895676830348112e-05
1029,ECONOMISTA AMBIENTAL,1,1.661681621801263e-05,11518.1,1.895010505819885e-05
1030,CIRURGIAO DENTISTA DE SAUDE COLETIVA,3,4.9850448654037884e-05,11400.0,1.8755801535276383e-05
1031,GUINCHEIRO (CONSTRUCAO CIVIL),3,4.9850448654037884e-05,11318.18,1.862118752811706e-05
1032,TECNICO DE MATERIA-PRIMA E MATERIAL,4,6.646726487205052e-05,11305.98,1.8601115529982814e-05
1033,CLASSIFICADOR DE FUMO,7,0.0001163177135260884,11250.0,1.8509014672970116e-05
1034,MAQUINISTA DE TREM,2,3.323363243602526e-05,11250.0,1.8509014672970116e-05
1035,REVISOR DE TECIDOS ACABADOS,6,9.970089730807577e-05,11246.4,1.8503091788274764e-05
1036,OPERADOR DE FORNO DE TRATAMENTO TERMICO DE METAIS,2,3.323363243602526e-05,11223.060000000001,1.846469175249991e-05
1037,AFINADOR DE INSTRUMENTOS MUSICAIS,2,3.323363243602526e-05,11164.76,1.836877392535021e-05
1038,INSPETOR DE SERVICOS DE TRANSPORTES RODOVIARIOS (PASSAGEIROS E CARGAS),2,3.323363243602526e-05,11160.0,1.8360942555586356e-05
1039,MESTRE (INDUSTRIA DE MADEIRA E MOBILIARIO),2,3.323363243602526e-05,11116.97,1.829014763101943e-05
1040,OURIVES,2,3.323363243602526e-05,11033.45,1.81527367060873e-05
1041,TECNICO EM MANUTENCAO DE INSTRUMENTOS DE MEDICAO E PRECISAO,1,1.661681621801263e-05,11000.0,1.8097703235793003e-05
1042,GERENTE DE RISCOS,2,3.323363243602526e-05,11000.0,1.8097703235793003e-05
1043,OPERADOR DE SALA DE CONTROLE DE INSTALACOES QUIMICAS PETROQUIMICAS E AFINS,2,3.323363243602526e-05,11000.0,1.8097703235793003e-05
1044,OPERADOR DE BATE-ESTACAS,1,1.661681621801263e-05,11000.0,1.8097703235793003e-05
1045,OPERADOR DE MAQUINA COPIADORA (EXCETO OPERADOR DE GRAFICA RAPIDA),2,3.323363243602526e-05,11000.0,1.8097703235793003e-05
1046,TECNICO DE MANUTENCAO DE SISTEMAS E INSTRUMENTOS,2,3.323363243602526e-05,10988.560000000001,1.8078881624427778e-05
1047,TECNICO DE TRANSMISSAO (TELECOMUNICACOES),3,4.9850448654037884e-05,10961.32,1.8034065130232957e-05
1048,MECANICO DE MANUTENCAO DE EQUIPAMENTO DE MINERACAO,2,3.323363243602526e-05,10909.98,1.7949598213494268e-05
1049,ELETROMECANICO DE MANUTENCAO DE ELEVADORES,3,4.9850448654037884e-05,10551.61,1.735999149452962e-05
1050,ENFERMEIRO DO TRABALHO,2,3.323363243602526e-05,10500.0,1.7275080361438776e-05
1051,ESTENOTIPISTA,2,3.323363243602526e-05,10500.0,1.7275080361438776e-05
1052,SUPERVISOR DE FABRICACAO DE INSTRUMENTOS MUSICAIS,2,3.323363243602526e-05,10500.0,1.7275080361438776e-05
1053,PROGRAMADOR DE MAQUINAS - FERRAMENTA COM COMANDO NUMERICO,2,3.323363243602526e-05,10423.36,1.714898872725776e-05
1054,FERMENTADOR,3,4.9850448654037884e-05,10400.0,1.711055578656793e-05
1055,REBARBADOR DE METAL,4,6.646726487205052e-05,10386.34,1.7088081729640572e-05
1056,OPERADOR DE UTILIDADE (PRODUCAO E DISTRIBUICAO DE VAPOR GAS OLEO COMBUSTIVEL ENERGIA OXIGENIO),2,3.323363243602526e-05,10263.49,1.6885963289411737e-05
1057,POLICIAL RODOVIARIO FEDERAL,2,3.323363243602526e-05,10090.0,1.660052960446831e-05
1058,OFICIAL DA MARINHA,1,1.661681621801263e-05,10073.34,1.6573119810294825e-05
1059,TECNICO DE ORTOPEDIA,1,1.661681621801263e-05,10000.0,1.6452457487084546e-05
1060,MONTADOR DE EQUIPAMENTOS ELETRONICOS (COMPUTADORES E EQUIPAMENTOS AUXILIARES),1,1.661681621801263e-05,10000.0,1.6452457487084546e-05
1061,OFICIAL DE PROTECAO DE DADOS PESSOAIS (DPO),1,1.661681621801263e-05,10000.0,1.6452457487084546e-05
1062,MESTRE DE ACIARIA,1,1.661681621801263e-05,10000.0,1.6452457487084546e-05
1063,MOCO DE MAQUINAS (MARITIMO E FLUVIARIO),1,1.661681621801263e-05,10000.0,1.6452457487084546e-05
1064,OPERADOR DE MAQUINA PERFURADORA (MINAS E PEDREIRAS),1,1.661681621801263e-05,10000.0,1.6452457487084546e-05
1065,OPERADOR DE MAQUINA DE ELETROEROSAO,1,1.661681621801263e-05,10000.0,1.6452457487084546e-05
1066,ENGENHEIRO DE CONTROLE E AUTOMACAO,1,1.661681621801263e-05,10000.0,1.6452457487084546e-05
1067,ENGENHEIRO METALURGISTA,1,1.661681621801263e-05,10000.0,1.6452457487084546e-05
1068,CARPINTEIRO DE FORMAS PARA CONCRETO,1,1.661681621801263e-05,10000.0,1.6452457487084546e-05
1069,ENFERMEIRO AUDITOR,1,1.661681621801263e-05,10000.0,1.6452457487084546e-05
1070,ARREMATADEIRA,1,1.661681621801263e-05,10000.0,1.6452457487084546e-05
1071,MECANICO DE MANUTENCAO DE BOMBA INJETORA (EXCETO DE VEICULOS AUTOMOTORES),1,1.661681621801263e-05,10000.0,1.6452457487084546e-05
1072,MECANICO DE MANUTENCAO DE BICICLETAS E VEICULOS SIMILARES,1,1.661681621801263e-05,10000.0,1.6452457487084546e-05
1073,SUPERVISOR DE CREDITO E COBRANCA,4,6.646726487205052e-05,10000.0,1.6452457487084546e-05
1074,TECNOLOGO EM PRODUCAO FONOGRAFICA,1,1.661681621801263e-05,10000.0,1.6452457487084546e-05
1075,CABELEIREIRO,3,4.9850448654037884e-05,10000.0,1.6452457487084546e-05
1076,REFINADOR DE SAL,1,1.661681621801263e-05,10000.0,1.6452457487084546e-05
1077,TRABALHADOR NA OLERICULTURA (LEGUMES),1,1.661681621801263e-05,10000.0,1.6452457487084546e-05
1078,EMPREGADO DOMESTICO  FAXINEIRO,6,9.970089730807577e-05,9754.75,1.60489609672138e-05
1079,DIRETOR DE  PRODUCAO E OPERACOES DE HOTEL,1,1.661681621801263e-05,9751.33,1.6043334226753216e-05
1080,TECNICO DE CELULOSE E PAPEL,2,3.323363243602526e-05,9714.06,1.598201591769885e-05
1081,ENTREGADOR DE PUBLICACOES,2,3.323363243602526e-05,9673.39,1.5915103773098878e-05
1082,DETONADOR,3,4.9850448654037884e-05,9523.0,1.5667675264950616e-05
1083,AUXILIAR EM SAUDE BUCAL DA ESTRATEGIA DE SAUDE DA FAMILIA,4,6.646726487205052e-05,9521.0,1.56643847734532e-05
1084,QUEIJEIRO NA FABRICACAO DE LATICINIO,4,6.646726487205052e-05,9506.29,1.56401832084897e-05
1085,CRIADOR DE PEIXES,2,3.323363243602526e-05,9500.0,1.562983461273032e-05
1086,TRABALHADOR NA OPERACAO DE SISTEMA DE IRRIGACAO POR ASPERSAO (PIVO CENTRAL),2,3.323363243602526e-05,9484.310000000001,1.5604020706933088e-05
1087,CONTRAMESTRE DE ACABAMENTO (INDUSTRIA TEXTIL),2,3.323363243602526e-05,9330.0,1.5350142835449882e-05
1088,IMPREGNADOR DE MADEIRA,3,4.9850448654037884e-05,9082.48,1.4942911607729566e-05
1089,ENGENHEIRO MECANICO AUTOMOTIVO,1,1.661681621801263e-05,9000.0,1.4807211738376092e-05
1090,CLASSIFICADOR DE FIBRAS TEXTEIS,1,1.661681621801263e-05,9000.0,1.4807211738376092e-05
1091,OPERADOR DE CENTRAL TERMOELETRICA,3,4.9850448654037884e-05,8997.01,1.4802292453587455e-05
1092,TRABALHADOR NO CULTIVO DE MUDAS,3,4.9850448654037884e-05,8682.99,1.4285652383578025e-05
1093,GERENTE DE TURISMO,3,4.9850448654037884e-05,8666.619999999999,1.4258719710671666e-05
1094, APLICADOR DE VINIL AUTOADESIVO,2,3.323363243602526e-05,8600.0,1.414911343889271e-05
1095,MESTRE DE FUNDICAO,2,3.323363243602526e-05,8585.75,1.4125668686973615e-05
1096,TAIFEIRO (EXCETO MILITARES),2,3.323363243602526e-05,8500.0,1.3984588864021865e-05
1097,ANALISTA DE COBRANCA (INSTITUICOES FINANCEIRAS),3,4.9850448654037884e-05,8500.0,1.3984588864021865e-05
1098,TECELAO (REDES),6,9.970089730807577e-05,8500.0,1.3984588864021865e-05
1099,CONDUTOR DE VEICULOS A PEDAIS,2,3.323363243602526e-05,8423.77,1.385917178059782e-05
1100,ARTIFICE DO COURO,7,0.0001163177135260884,8369.14,1.3769292005345876e-05
1101,LIMPADOR DE FACHADAS,4,6.646726487205052e-05,8140.0,1.3392300394486822e-05
1102,PREPARADOR DE RACOES,3,4.9850448654037884e-05,8129.1900000000005,1.3374515287943284e-05
1103,LUBRIFICADOR INDUSTRIAL,4,6.646726487205052e-05,8100.0,1.3326490564538484e-05
1104,ENGENHEIRO MECANICO INDUSTRIAL,2,3.323363243602526e-05,8063.49,1.3266422642253138e-05
1105,OPERADOR DE BOBINADEIRA,3,4.9850448654037884e-05,8029.7,1.321082978840428e-05
1106,OPERADOR DE MAQUINA DE MOLDAR AUTOMATIZADA,1,1.661681621801263e-05,8000.0,1.3161965989667639e-05
1107,OPERADOR DE MAQUINA BORDATRIZ,1,1.661681621801263e-05,8000.0,1.3161965989667639e-05
1108,AGENTE DE POLICIA FEDERAL,1,1.661681621801263e-05,8000.0,1.3161965989667639e-05
1109,DEMOLIDOR DE EDIFICACOES,1,1.661681621801263e-05,8000.0,1.3161965989667639e-05
1110,CORTADOR DE CALCADOS A  MAO (EXCETO SOLAS),1,1.661681621801263e-05,8000.0,1.3161965989667639e-05
1111,PROFESSOR DE LITERATURA PORTUGUESA,4,6.646726487205052e-05,7922.46,1.3034393634312785e-05
1112,OPERADOR DE MAQUINAS ESPECIAIS EM CONSERVACAO DE VIA PERMANENTE (TRILHOS),2,3.323363243602526e-05,7910.51,1.3014732947615718e-05
1113,ANALISTA DE GESTAO DE ESTOQUE,2,3.323363243602526e-05,7882.78,1.2969110283004033e-05
1114,SEGUNDO TENENTE DE POLICIA MILITAR,2,3.323363243602526e-05,7806.0599999999995,1.2842887029163119e-05
1115,MOCO DE CONVES (MARITIMO E FLUVIARIO),3,4.9850448654037884e-05,7800.0,1.2832916839925947e-05
1116,MISSIONARIO,1,1.661681621801263e-05,7729.4,1.271676249006713e-05
1117,AUXILIAR DE BANCO DE SANGUE,3,4.9850448654037884e-05,7725.27,1.2709967625124965e-05
1118,OPERADOR DE MAQUINA PERFURATRIZ,4,6.646726487205052e-05,7683.19,1.2640735684019312e-05
1119,ECONOMISTA DOMESTICO,2,3.323363243602526e-05,7672.0,1.2622325384091265e-05
1120,TELHADOR (TELHAS DE ARGILA E MATERIAIS SIMILARES),1,1.661681621801263e-05,7609.51,1.2519513977254474e-05
1121,PILOTO COMERCIAL (EXCETO LINHAS AEREAS),1,1.661681621801263e-05,7500.0,1.233934311531341e-05
1122,TECNICO DE MANUTENCAO ELETRONICA (CIRCUITOS DE MAQUINAS COM COMANDO NUMERICO),2,3.323363243602526e-05,7300.0,1.201029396557172e-05
1123,CAMAREIRA DE TEATRO,2,3.323363243602526e-05,7266.0,1.1954355610115632e-05
1124,SALGADOR DE ALIMENTOS,1,1.661681621801263e-05,7250.0,1.1928031678136297e-05
1125,TRABALHADOR DA ELABORACAO DE PRE-FABRICADOS (CIMENTO AMIANTO),2,3.323363243602526e-05,7249.13,1.1926600314334921e-05
1126,COZINHEIRO DO SERVICO DOMESTICO,4,6.646726487205052e-05,7247.5599999999995,1.1924017278509447e-05
1127,PINTOR DE CERAMICA A  PINCEL,1,1.661681621801263e-05,7142.85,1.1751743596162187e-05
1128,OPERADOR DE TRATOR (MINAS E PEDREIRAS),2,3.323363243602526e-05,7087.1,1.166002114567169e-05
1129,AFIADOR DE FERRAMENTAS,1,1.661681621801263e-05,7000.0,1.1516720240959183e-05
1130,OPERADOR DE BETONEIRA,2,3.323363243602526e-05,7000.0,1.1516720240959183e-05
1131,OPERADOR DE CAMARAS FRIAS,2,3.323363243602526e-05,7000.0,1.1516720240959183e-05
1132,OPERADOR DE PRENSA DE ENFARDAMENTO,1,1.661681621801263e-05,7000.0,1.1516720240959183e-05
1133,REVISOR DE TECIDOS CRUS,1,1.661681621801263e-05,7000.0,1.1516720240959183e-05
1134,ANALISTA DE E-COMMERCE,1,1.661681621801263e-05,7000.0,1.1516720240959183e-05
1135,EXTRUSOR DE FIOS OU FIBRAS DE VIDRO,2,3.323363243602526e-05,7000.0,1.1516720240959183e-05
1136,OPERADOR DE EXTRUSORA (QUIMICA PETROQUIMICA E AFINS),2,3.323363243602526e-05,7000.0,1.1516720240959183e-05
1137,TECNOLOGO EM TELECOMUNICACOES,1,1.661681621801263e-05,7000.0,1.1516720240959183e-05
1138,SUBTENENTE BOMBEIRO MILITAR,2,3.323363243602526e-05,7000.0,1.1516720240959183e-05
1139,GERENTE DE OPERACOES DE CORREIOS E TELECOMUNICACOES,1,1.661681621801263e-05,7000.0,1.1516720240959183e-05
1140,MOLDADOR DE PLASTICO POR COMPRESSAO,1,1.661681621801263e-05,6999.44,1.1515798903339907e-05
1141,OPERADOR DE MAQUINA DE ETIQUETAR,1,1.661681621801263e-05,6997.12,1.1511981933202902e-05
1142,ESCRIVAO JUDICIAL,1,1.661681621801263e-05,6950.0,1.143445795352376e-05
1143,CIRURGIAO DENTISTA - ODONTOLOGISTA LEGAL,3,4.9850448654037884e-05,6900.0,1.1352195666088338e-05
1144,SUPERVISOR TECNICO (MIDIAS AUDIOVISUAIS),1,1.661681621801263e-05,6875.0,1.1311064522370627e-05
1145,DIRETOR DE RELACOES DE TRABALHO,1,1.661681621801263e-05,6870.5,1.1303660916501438e-05
1146,OPERADOR DE JATO ABRASIVO,2,3.323363243602526e-05,6776.28,1.1148645862058128e-05
1147,LUSTRADOR DE PECAS DE MADEIRA,3,4.9850448654037884e-05,6600.0,1.0858621941475802e-05
1148,LADRILHEIRO,2,3.323363243602526e-05,6510.0,1.071054982409204e-05
1149,DIRETOR DE PRODUCAO E OPERACOES EM EMPRESA AGROPECUARIA,3,4.9850448654037884e-05,6508.0,1.0707259332594623e-05
1150,TECNICO EM PROCESSAMENTO MINERAL (EXCETO PETROLEO),1,1.661681621801263e-05,6500.0,1.0694097366604957e-05
1151,PLANEJISTA,1,1.661681621801263e-05,6500.0,1.0694097366604957e-05
1152,CALDEIREIRO (CHAPAS DE COBRE),2,3.323363243602526e-05,6500.0,1.0694097366604957e-05
1153,AJUSTADOR DE INSTRUMENTOS DE PRECISAO,2,3.323363243602526e-05,6500.0,1.0694097366604957e-05
1154,MODELADOR DE MADEIRA,3,4.9850448654037884e-05,6500.0,1.0694097366604957e-05
1155,SOLDADOR A  OXIGAS,2,3.323363243602526e-05,6500.0,1.0694097366604957e-05
1156,CIRURGIAO DENTISTA - DENTISTICA,1,1.661681621801263e-05,6424.68,1.0570177456812236e-05
1157,PROCURADOR DA ASSISTENCIA JUDICIARIA,2,3.323363243602526e-05,6412.0,1.0549315740718612e-05
1158,ANALISTA DE CAMBIO,1,1.661681621801263e-05,6350.07,1.0447425671501096e-05
1159,PROFESSOR DE TECNICAS E RECURSOS AUDIOVISUAIS,2,3.323363243602526e-05,6298.34,1.036231710892041e-05
1160,MONTADOR DE EQUIPAMENTOS ELETRONICOS (MAQUINAS INDUSTRIAIS),2,3.323363243602526e-05,6245.34,1.0275119084238861e-05
1161,RECEPCIONISTA DE BANCO,2,3.323363243602526e-05,6235.24,1.0258502102176906e-05
1162,APICULTOR,2,3.323363243602526e-05,6231.11,1.025170723723474e-05
1163,ESCRITURARIO  EM  ESTATISTICA,3,4.9850448654037884e-05,6152.18,1.0121847990289182e-05
1164,CIRURGIAO-DENTISTA DA ESTRATEGIA DE SAUDE DA FAMILIA,3,4.9850448654037884e-05,6143.21,1.0107090135923266e-05
1165,DESENHISTA TECNICO (CARTOGRAFIA),2,3.323363243602526e-05,6090.91,1.0021043783265814e-05
1166,AGENTE DE DIREITOS AUTORAIS,2,3.323363243602526e-05,6043.6,9.943207206894417e-06
1167,PROTETICO DENTARIO,1,1.661681621801263e-05,6000.0,9.871474492250728e-06
1168,TECNICO EM GEODESIA E CARTOGRAFIA,1,1.661681621801263e-05,6000.0,9.871474492250728e-06
1169,OPERADOR DE ENFORNAMENTO E DESENFORNAMENTO DE COQUE,1,1.661681621801263e-05,6000.0,9.871474492250728e-06
1170,OFICIAL DO REGISTRO CIVIL DE PESSOAS NATURAIS,3,4.9850448654037884e-05,6000.0,9.871474492250728e-06
1171,ARTETERAPEUTA,1,1.661681621801263e-05,6000.0,9.871474492250728e-06
1172,OPERADOR DE LAMINADOR DE METAIS NAO-FERROSOS,1,1.661681621801263e-05,6000.0,9.871474492250728e-06
1173,CONFECCIONADOR DE BOLSAS SACOS E SACOLAS E PAPEL A MAQUINA,1,1.661681621801263e-05,6000.0,9.871474492250728e-06
1174,REVISOR DE FIOS (PRODUCAO TEXTIL),1,1.661681621801263e-05,6000.0,9.871474492250728e-06
1175,TECNOLOGO EM SISTEMAS BIOMEDICOS,1,1.661681621801263e-05,6000.0,9.871474492250728e-06
1176,INSTRUMENTADOR CIRURGICO,1,1.661681621801263e-05,6000.0,9.871474492250728e-06
1177,OPERADOR DE TRIAGEM E TRANSBORDO,2,3.323363243602526e-05,6000.0,9.871474492250728e-06
1178,PROFESSOR DE MEDICINA,1,1.661681621801263e-05,6000.0,9.871474492250728e-06
1179,TRABALHADOR NA OLERICULTURA (FRUTOS E SEMENTES),1,1.661681621801263e-05,6000.0,9.871474492250728e-06
1180,PASSADOR DE ROUPAS EM GERAL,1,1.661681621801263e-05,6000.0,9.871474492250728e-06
1181,MESTRE DE PRODUCAO QUIMICA,2,3.323363243602526e-05,5986.9400000000005,9.849987582772596e-06
1182,CONTROLADOR DE SERVICOS DE MAQUINAS E VEICULOS,2,3.323363243602526e-05,5908.0,9.72011188336955e-06
1183,PROFESSOR DE ANTROPOLOGIA DO ENSINO SUPERIOR,1,1.661681621801263e-05,5892.0,9.693787951390215e-06
1184,FORNEIRO (MATERIAIS DE CONSTRUCAO),2,3.323363243602526e-05,5864.6,9.648708217875603e-06
1185,TECNICO GRAFICO,2,3.323363243602526e-05,5840.3,9.608728746181989e-06
1186,AGENTE DE MANOBRA E DOCAGEM,1,1.661681621801263e-05,5735.43,9.436191824514934e-06
1187,HIGIENISTA OCUPACIONAL,2,3.323363243602526e-05,5684.0,9.351576835658856e-06
1188,TECNICO EM MASTERIZACAO DE AUDIO,1,1.661681621801263e-05,5681.41,9.347315649169702e-06
1189,MESTRE (INDUSTRIA PETROQUIMICA E CARBOQUIMICA),1,1.661681621801263e-05,5661.04,9.31380199326851e-06
1190,AVICULTOR,1,1.661681621801263e-05,5604.13,9.220171057709513e-06
1191,PERFUMISTA,1,1.661681621801263e-05,5600.06,9.21347490751227e-06
1192,TRABALHADOR DA EXPLORACAO DE CARNAUBA,2,3.323363243602526e-05,5500.0,9.048851617896501e-06
1193,SUPERVISOR DE EMBALAGEM E ETIQUETAGEM,2,3.323363243602526e-05,5500.0,9.048851617896501e-06
1194,GALVANIZADOR,3,4.9850448654037884e-05,5413.05,8.9057975000463e-06
1195,ENFESTADOR DE ROUPAS,1,1.661681621801263e-05,5384.0,8.85800311104632e-06
1196,TECNICO DE PLANEJAMENTO E PROGRAMACAO DA MANUTENCAO,3,4.9850448654037884e-05,5369.03,8.833373782188154e-06
1197,CARREGADOR (AERONAVES),1,1.661681621801263e-05,5340.79,8.786912042244628e-06
1198,TECNOLOGO EM AUTOMACAO INDUSTRIAL,2,3.323363243602526e-05,5300.0,8.71980246815481e-06
1199,LAGAREIRO,1,1.661681621801263e-05,5236.38,8.61513193362198e-06
1200,MARINHEIRO DE MAQUINAS,2,3.323363243602526e-05,5200.0,8.555277893283965e-06
1201,AGENTE DE RECRUTAMENTO E SELECAO,1,1.661681621801263e-05,5180.0,8.522372978309796e-06
1202,MAQUINISTA DE CINEMA E VIDEO,1,1.661681621801263e-05,5159.04,8.487888627416866e-06
1203,BALANCEADOR,2,3.323363243602526e-05,5145.9400000000005,8.466335908108786e-06
1204,PROFESSOR DE ECONOMIA,1,1.661681621801263e-05,5097.46,8.3865743942114e-06
1205,OPERADOR DE MAQUINA DE PRODUTOS FARMACEUTICOS,1,1.661681621801263e-05,5066.66,8.335900825151178e-06
1206,SUPERVISOR DE LAVANDERIA,2,3.323363243602526e-05,5063.860000000001,8.331294137054796e-06
1207,OPERADOR DE EQUIPAMENTOS DE REFINACAO DE ACUCAR (PROCESSO CONTINUO),1,1.661681621801263e-05,5026.81,8.270337782065148e-06
1208,SUPERVISOR DE OPERACOES (MIDIAS AUDIOVISUAIS),1,1.661681621801263e-05,5000.0,8.226228743542273e-06
1209,GERENTE DE PRODUTOS BANCARIOS,1,1.661681621801263e-05,5000.0,8.226228743542273e-06
1210,TECNICO EM MECATRONICA - ROBOTICA,1,1.661681621801263e-05,5000.0,8.226228743542273e-06
1211,ENGENHEIRO DE TELECOMUNICACOES,1,1.661681621801263e-05,5000.0,8.226228743542273e-06
1212,INSTALADOR ELETRICISTA (TRACAO DE VEICULOS),1,1.661681621801263e-05,5000.0,8.226228743542273e-06
1213,INSTALADOR DE ISOLANTES TERMICOS DE CALDEIRA E TUBULACOES,1,1.661681621801263e-05,5000.0,8.226228743542273e-06
1214,PASTEURIZADOR,1,1.661681621801263e-05,5000.0,8.226228743542273e-06
1215,OPERADOR DE MAQUINAS DO ACABAMENTO DE COUROS E PELES,1,1.661681621801263e-05,5000.0,8.226228743542273e-06
1216,OPERADOR DE LAMINADOR DE BARRAS A QUENTE,1,1.661681621801263e-05,5000.0,8.226228743542273e-06
1217,PAGINADOR,1,1.661681621801263e-05,5000.0,8.226228743542273e-06
1218,OPERADOR DE VEICULOS SUBAQUATICOS CONTROLADOS REMOTAMENTE,1,1.661681621801263e-05,5000.0,8.226228743542273e-06
1219,CONDUTOR MAQUINISTA MARITIMO,1,1.661681621801263e-05,5000.0,8.226228743542273e-06
1220,MONTADOR DE FOTOLITO (ANALOGICO E DIGITAL),2,3.323363243602526e-05,5000.0,8.226228743542273e-06
1221,REFINADOR DE OLEO E GORDURA,1,1.661681621801263e-05,5000.0,8.226228743542273e-06
1222,REDEIRO (PESCA),1,1.661681621801263e-05,5000.0,8.226228743542273e-06
1223,OPERADOR DE SALINA (SAL MARINHO),1,1.661681621801263e-05,5000.0,8.226228743542273e-06
1224,MEDICO PSIQUIATRA,1,1.661681621801263e-05,5000.0,8.226228743542273e-06
1225,TRABALHADOR DA ELABORACAO DE PRE-FABRICADOS (CONCRETO ARMADO),2,3.323363243602526e-05,5000.0,8.226228743542273e-06
1226,DECORADOR DE CERAMICA,1,1.661681621801263e-05,5000.0,8.226228743542273e-06
1227,MORDOMO DE RESIDENCIA,1,1.661681621801263e-05,5000.0,8.226228743542273e-06
1228,DESIGNER DE INTERIORES,1,1.661681621801263e-05,5000.0,8.226228743542273e-06
1229,MECANICO DE MANUTENCAO DE TRATORES,2,3.323363243602526e-05,4996.26,8.220075524442104e-06
1230,OPERADOR DE SISTEMAS DE PROVA (ANALOGICO E DIGITAL),1,1.661681621801263e-05,4991.48,8.212211249763276e-06
1231,ENCARREGADO DE MANUTENCAO ELETRICA DE VEICULOS,2,3.323363243602526e-05,4937.5,8.123400884247995e-06
1232,DIRETOR COMERCIAL EM OPERACOES DE INTERMEDIACAO FINANCEIRA,1,1.661681621801263e-05,4780.0,7.864274678826413e-06
1233,OPERADOR DE BRITADOR DE MANDIBULAS,1,1.661681621801263e-05,4728.0,7.778721899893575e-06
1234,PROFESSOR DE CIENCIA POLITICA DO ENSINO SUPERIOR,1,1.661681621801263e-05,4660.56,7.667766526600676e-06
1235,ASSENTADOR DE CANALIZACAO (EDIFICACOES),1,1.661681621801263e-05,4561.39,7.504607505701259e-06
1236,OPERADOR DE SERRAS NO DESDOBRAMENTO DE MADEIRA,1,1.661681621801263e-05,4540.06,7.469514413881308e-06
1237,OPERADOR DE MONTAGEM DE CILINDROS E MANCAIS,1,1.661681621801263e-05,4521.0,7.438156029910924e-06
1238,LUTHIER (RESTAURACAO DE CORDAS ARCADAS),1,1.661681621801263e-05,4521.0,7.438156029910924e-06
1239,CIENTISTA DE DADOS,1,1.661681621801263e-05,4521.0,7.438156029910924e-06
1240,PROFESSOR DE FARMACIA E BIOQUIMICA,1,1.661681621801263e-05,4500.0,7.403605869188046e-06
1241,MECANICO DE MANUTENCAO DE MAQUINAS OPERATRIZES (LAVRA DE MADEIRA),2,3.323363243602526e-05,4481.9400000000005,7.373892730966373e-06
1242,PESQUISADOR EM QUIMICA,1,1.661681621801263e-05,4450.0,7.321343581752624e-06
1243,FORNEIRO DE FUNDICAO (FORNO DE REDUCAO),2,3.323363243602526e-05,4379.33,7.205074064691397e-06
1244,LOCALIZADOR (COBRADOR),2,3.323363243602526e-05,4326.3,7.117826682637388e-06
1245,SENADOR,1,1.661681621801263e-05,4300.0,7.074556719446355e-06
1246,COORDENADOR DE PROGRAMACAO,2,3.323363243602526e-05,4300.0,7.074556719446355e-06
1247,SECRETARIA TRILINGUE,2,3.323363243602526e-05,4300.0,7.074556719446355e-06
1248,CERZIDOR,1,1.661681621801263e-05,4290.51,7.058943337291113e-06
1249,MOLDADOR A  MAO,2,3.323363243602526e-05,4111.14,6.763835607345277e-06
1250,CONFECCIONADOR DE ARTEFATOS DE COURO (EXCETO SAPATOS),2,3.323363243602526e-05,4094.47,6.736409360714307e-06
1251,OFICIAL DE QUARTO DE NAVEGACAO DA MARINHA MERCANTE,1,1.661681621801263e-05,4000.0,6.580982994833819e-06
1252,TECNICO EM AUTOMOBILISTICA,1,1.661681621801263e-05,4000.0,6.580982994833819e-06
1253,CONDUTOR DE PROCESSOS ROBOTIZADOS DE SOLDAGEM,1,1.661681621801263e-05,4000.0,6.580982994833819e-06
1254,SUPERVISOR DE EXPLORACAO PECUARIA,1,1.661681621801263e-05,4000.0,6.580982994833819e-06
1255,SANITARISTA,1,1.661681621801263e-05,4000.0,6.580982994833819e-06
1256,PROFESSOR DE ODONTOLOGIA,1,1.661681621801263e-05,4000.0,6.580982994833819e-06
1257,OPERADOR DE MAQUINA DE FABRICACAO DE COSMETICOS,1,1.661681621801263e-05,4000.0,6.580982994833819e-06
1258,MESTRE (INDUSTRIA DE MAQUINAS E OUTROS EQUIPAMENTOS MECANICOS),1,1.661681621801263e-05,4000.0,6.580982994833819e-06
1259,OPERADOR DE BOMBA DE CONCRETO,2,3.323363243602526e-05,3950.0,6.498720707398396e-06
1260,OPERADOR DE MAQUINA INTERCALADORA E PLACAS (COMPENSADOS),1,1.661681621801263e-05,3940.1,6.482432774486182e-06
1261,TRABALHADOR NO CULTIVO DE FLORES EM VASO,1,1.661681621801263e-05,3914.6,6.440479007894117e-06
1262,OPERADOR DE DRAGA,2,3.323363243602526e-05,3904.76,6.424289789726826e-06
1263,CUBADOR DE MADEIRA,1,1.661681621801263e-05,3900.0,6.4164584199629735e-06
1264,OPERADOR DE MAQUINA MISTURADEIRA (TRATAMENTOS QUIMICOS E AFINS),1,1.661681621801263e-05,3900.0,6.4164584199629735e-06
1265,MANTENEDOR DE SISTEMAS ELETROELETRONICOS DE SEGURANCA,2,3.323363243602526e-05,3800.0,6.251933845092128e-06
1266,CARPINTEIRO (ESQUADRIAS),1,1.661681621801263e-05,3795.0,6.243707616348586e-06
1267,CANTEIRO,1,1.661681621801263e-05,3655.81,6.014705860585856e-06
1268,ALFAIATE,1,1.661681621801263e-05,3500.0,5.758360120479592e-06
1269,SONDADOR (POCOS DE PETROLEO E GAS),1,1.661681621801263e-05,3500.0,5.758360120479592e-06
1270,OFICIAL DO REGISTRO DE IMOVEIS,1,1.661681621801263e-05,3500.0,5.758360120479592e-06
1271,OPERADOR DE EQUIPAMENTO PARA RESFRIAMENTO,1,1.661681621801263e-05,3500.0,5.758360120479592e-06
1272,TECNICO EM AGENTE COMUNITARIO DE SAUDE,3,4.9850448654037884e-05,3416.66,5.621245339782229e-06
1273,OPERADOR DE MAQUINA DE ABRIR VALAS,2,3.323363243602526e-05,3259.24,5.362250754020543e-06
1274,TECNICO DE ENFERMAGEM DO TRABALHO,1,1.661681621801263e-05,3250.0,5.347048683302478e-06
1275,COMENTARISTA DE RADIO E TELEVISAO,1,1.661681621801263e-05,3149.32,5.181405341322511e-06
1276,FORNEIRO E OPERADOR (FORNO ELETRICO),1,1.661681621801263e-05,3096.0,5.093680838001376e-06
1277,MONTADOR DE EQUIPAMENTOS ELETRICOS (APARELHOS ELETRODOMESTICOS),2,3.323363243602526e-05,3051.0,5.019644779309496e-06
1278,OPERADOR DE INCUBADORA,1,1.661681621801263e-05,3016.75,4.963295112416231e-06
1279,CHEFE DE PORTARIA DE HOTEL,1,1.661681621801263e-05,3000.0,4.935737246125364e-06
1280,OPERADOR DE RETIFICADORA COM COMANDO NUMERICO,1,1.661681621801263e-05,3000.0,4.935737246125364e-06
1281,SUPERVISOR DE FABRICACAO DE PRODUTOS DE VIDRO,1,1.661681621801263e-05,3000.0,4.935737246125364e-06
1282,CIRURGIAO DENTISTA - ESTOMATOLOGISTA,1,1.661681621801263e-05,3000.0,4.935737246125364e-06
1283,BRASADOR,1,1.661681621801263e-05,3000.0,4.935737246125364e-06
1284,CRIADOR DE CAMAROES,1,1.661681621801263e-05,3000.0,4.935737246125364e-06
1285,ESTETICISTA DE ANIMAIS DOMESTICOS,1,1.661681621801263e-05,3000.0,4.935737246125364e-06
1286,INSPETOR DE MANUTENCAO,1,1.661681621801263e-05,3000.0,4.935737246125364e-06
1287,TRABALHADOR NA CULTURA DE COCO-DA-BAIA,1,1.661681621801263e-05,3000.0,4.935737246125364e-06
1288,OXICORTADOR A MAO E A  MAQUINA,1,1.661681621801263e-05,3000.0,4.935737246125364e-06
1289,OPERADOR DE CEIFADEIRA NA CONSERVACAO DE VIAS PERMANENTES,1,1.661681621801263e-05,2836.48,4.666706661296558e-06
1290,CODIFICADOR DE DADOS,1,1.661681621801263e-05,2800.0,4.606688096383673e-06
1291,LAVADOR DE ROUPAS,2,3.323363243602526e-05,2746.0,4.5178448259534165e-06
1292,TRABALHADOR DA OVINOCULTURA,1,1.661681621801263e-05,2727.88,4.4880329729868195e-06
1293,TECNICO EM CALIBRACAO,1,1.661681621801263e-05,2725.0,4.483294665230539e-06
1294,METALIZADOR A PISTOLA,1,1.661681621801263e-05,2684.21,4.416185091140721e-06
1295,MECANICO DE MANUTENCAO DE MAQUINAS DE CONSTRUCAO E TERRAPLENAGEM,2,3.323363243602526e-05,2600.0,4.277638946641982e-06
1296,TECNICO EM BIOTERISMO,2,3.323363243602526e-05,2500.0,4.1131143717711365e-06
1297,ADVOGADO (DIREITO PUBLICO),1,1.661681621801263e-05,2500.0,4.1131143717711365e-06
1298,CERAMISTA MOLDADOR,1,1.661681621801263e-05,2500.0,4.1131143717711365e-06
1299,CONTROLADOR DE TRAFEGO AEREO,1,1.661681621801263e-05,2500.0,4.1131143717711365e-06
1300,FISIOTERAPEUTA ESPORTIVO,1,1.661681621801263e-05,2500.0,4.1131143717711365e-06
1301,OPERADOR DE TELEFERICO (PASSAGEIROS),1,1.661681621801263e-05,2500.0,4.1131143717711365e-06
1302,OPERADOR DE PONTE ROLANTE,1,1.661681621801263e-05,2500.0,4.1131143717711365e-06
1303,OPERADOR DE MAQUINA DE FABRICACAO DE PRODUTOS DE HIGIENE E LIMPEZA (SABAO SABONETE DETERGENTE ABSORVENTE FRALDAS COTONETES E OUTROS),1,1.661681621801263e-05,2480.0,4.080209456796968e-06
1304,OPERADOR DE SONDA DE PERCUSSAO,1,1.661681621801263e-05,2436.0,4.007818643853796e-06
1305,MESTRE DE PRODUCAO FARMACEUTICA,1,1.661681621801263e-05,2418.06,3.978302935121966e-06
1306,TRABALHADOR DA CULTURA DE CACAU,2,3.323363243602526e-05,2400.0,3.9485897969002914e-06
1307,TECNOLOGO EM FABRICACAO MECANICA,1,1.661681621801263e-05,2389.44,3.93121600179393e-06
1308,SALSICHEIRO (FABRICACAO DE LINGUICA SALSICHA E PRODUTOS SIMILARES),2,3.323363243602526e-05,2388.05,3.928929110203226e-06
1309,OPERADOR DE MOENDA NA FABRICACAO DE ACUCAR,1,1.661681621801263e-05,2250.0,3.701802934594023e-06
1310,OPERADOR DE MAQUINA CORTADORA (MINAS E PEDREIRAS),1,1.661681621801263e-05,2200.01,3.6195570996160877e-06
1311,CONTRAMESTRE DE TECELAGEM (INDUSTRIA TEXTIL),1,1.661681621801263e-05,2195.07,3.611429585617468e-06
1312,SERINGUEIRO,1,1.661681621801263e-05,2171.35,3.572404356458103e-06
1313,CONCIERGE,1,1.661681621801263e-05,2085.53,3.431209366303944e-06
1314,IDENTIFICADOR FLORESTAL,2,3.323363243602526e-05,2040.65,3.3573707371019085e-06
1315,SUPERVISOR DE PRODUCAO NA MINERACAO,2,3.323363243602526e-05,2015.0,3.3151701836475363e-06
1316,TRABALHADOR NA OPERACAO DE SISTEMAS CONVENCIONAIS DE IRRIGACAO POR ASPERSAO,1,1.661681621801263e-05,2000.0,3.2904914974169097e-06
1317,MESTRE DE SOLDAGEM,1,1.661681621801263e-05,2000.0,3.2904914974169097e-06
1318,OPERADOR DE APARELHO DE FLOTACAO,2,3.323363243602526e-05,2000.0,3.2904914974169097e-06
1319,CIRURGIAO DENTISTA - ODONTOLOGIA PARA PACIENTES COM NECESSIDADES ESPECIAIS,1,1.661681621801263e-05,2000.0,3.2904914974169097e-06
1320,ENFERMEIRO DE BORDO,1,1.661681621801263e-05,2000.0,3.2904914974169097e-06
1321,ENFERMEIRO DA ESTRATEGIA DE SAUDE DA FAMILIA,2,3.323363243602526e-05,2000.0,3.2904914974169097e-06
1322,TECNICO EM CALCADOS E ARTEFATOS DE COURO,1,1.661681621801263e-05,2000.0,3.2904914974169097e-06
1323,INSPETOR DE ESTAMPARIA (PRODUCAO TEXTIL),1,1.661681621801263e-05,2000.0,3.2904914974169097e-06
1324,OPERADOR DE OPEN-END,2,3.323363243602526e-05,2000.0,3.2904914974169097e-06
1325,PAPILOSCOPISTA POLICIAL,1,1.661681621801263e-05,2000.0,3.2904914974169097e-06
1326,PSICOLOGO DO TRANSITO,1,1.661681621801263e-05,2000.0,3.2904914974169097e-06
1327,FORNEIRO E OPERADOR (REFINO DE METAIS NAO-FERROSOS),1,1.661681621801263e-05,2000.0,3.2904914974169097e-06
1328,OPERADOR DE CORTADEIRA DE PAPEL,1,1.661681621801263e-05,1980.0,3.2575865824427405e-06
1329,MAÎTRE,2,3.323363243602526e-05,1960.74,3.2258991493226155e-06
1330,VISUAL MERCHANDISER,2,3.323363243602526e-05,1958.05,3.22147343825859e-06
1331,IMPRESSOR FLEXOGRAFICO,1,1.661681621801263e-05,1870.75,3.0778434843963417e-06
1332,CARTONAGEIRO A MAO (CAIXAS DE PAPELAO),2,3.323363243602526e-05,1866.0700000000002,3.0701437342923865e-06
1333,TECNICO EM GEOLOGIA,2,3.323363243602526e-05,1830.49,3.011605890553339e-06
1334,TRABALHADOR NA CULTURA DE SOJA,2,3.323363243602526e-05,1800.0,2.9614423476752184e-06
1335,DESIDRATADOR DE ALIMENTOS,1,1.661681621801263e-05,1740.0,2.8627276027527113e-06
1336,DANCARINO POPULAR,2,3.323363243602526e-05,1736.17,2.856426311535158e-06
1337,DESTROCADOR DE PEDRA,1,1.661681621801263e-05,1669.03,2.745964511966872e-06
1338,PROCURADOR DA REPUBLICA,1,1.661681621801263e-05,1666.66,2.7420652795424335e-06
1339,MONTADOR DE MAQUINAS-FERRAMENTAS (USINAGEM DE METAIS),2,3.323363243602526e-05,1564.87,2.5745957147813995e-06
1340,CARVOEIRO,1,1.661681621801263e-05,1560.6,2.5675705154344145e-06
1341,OPERADOR DE CALANDRAS (TECIDOS),1,1.661681621801263e-05,1544.62,2.5412794883700533e-06
1342,TECNICO EM BORRACHA,1,1.661681621801263e-05,1500.0,2.467868623062682e-06
1343,CONFECCIONADOR DE INSTRUMENTOS DE PERCUSSAO (PELE COURO OU PLASTICO),1,1.661681621801263e-05,1500.0,2.467868623062682e-06
1344,TRABALHADOR NA OLERICULTURA (RAIZES BULBOS E TUBERCULOS),1,1.661681621801263e-05,1500.0,2.467868623062682e-06
1345,SOLDADO BOMBEIRO MILITAR,1,1.661681621801263e-05,1500.0,2.467868623062682e-06
1346,ESCORADOR DE MINAS,1,1.661681621801263e-05,1500.0,2.467868623062682e-06
1347,ANCORA DE RADIO E TELEVISAO,1,1.661681621801263e-05,1500.0,2.467868623062682e-06
1348,PESQUISADOR DE ENGENHARIA CIVIL,1,1.661681621801263e-05,1500.0,2.467868623062682e-06
1349,PROFESSOR DE MATEMATICA PURA (NO ENSINO SUPERIOR),1,1.661681621801263e-05,1500.0,2.467868623062682e-06
1350,PROFESSOR DE TECNICAS AGRICOLAS,1,1.661681621801263e-05,1500.0,2.467868623062682e-06
1351,FORJADOR,1,1.661681621801263e-05,1500.0,2.467868623062682e-06
1352,TEOLOGO,1,1.661681621801263e-05,1500.0,2.467868623062682e-06
1353,FORNEIRO DE CUBILO,1,1.661681621801263e-05,1500.0,2.467868623062682e-06
1354,INSTALADOR DE ISOLANTES TERMICOS (REFRIGERACAO E CLIMATIZACAO),1,1.661681621801263e-05,1500.0,2.467868623062682e-06
1355,ADESTRADOR DE ANIMAIS,1,1.661681621801263e-05,1333.33,2.193655514125444e-06
1356,DIRETOR DE OPERACOES DE SERVICOS DE ARMAZENAMENTO,1,1.661681621801263e-05,1200.0,1.9742948984501457e-06
1357,OPERADOR DE ABERTURA (FIACAO),1,1.661681621801263e-05,1200.0,1.9742948984501457e-06
1358,TECNOLOGO EM ELETRICIDADE,1,1.661681621801263e-05,1125.6,1.8518886147462364e-06
1359,VIGIA FLORESTAL,1,1.661681621801263e-05,1117.52,1.8385950290966722e-06
1360,PEDREIRO DE CONSERVACAO DE VIAS PERMANENTES (EXCETO TRILHOS),1,1.661681621801263e-05,1088.29,1.7905044958619242e-06
1361,CLASSIFICADOR DE COUROS,1,1.661681621801263e-05,1080.0,1.776865408605131e-06
1362,DESTILADOR DE MADEIRA,1,1.661681621801263e-05,1061.58,1.7465599819139214e-06
1363,TECELAO (TEAR MANUAL),1,1.661681621801263e-05,1013.23,1.6670123499638677e-06
1364,FARMACEUTICO INDUSTRIAL,1,1.661681621801263e-05,1000.0,1.6452457487084548e-06
1365,CURTIDOR (COUROS E PELES),1,1.661681621801263e-05,1000.0,1.6452457487084548e-06
1366,COZINHADOR DE FRUTAS E LEGUMES,1,1.661681621801263e-05,1000.0,1.6452457487084548e-06
1367,TELHADOR (TELHAS METALICAS),1,1.661681621801263e-05,1000.0,1.6452457487084548e-06
1368,SERRADOR DE MADEIRA (SERRA DE FITA MULTIPLA),1,1.661681621801263e-05,1000.0,1.6452457487084548e-06
1369,FEIRANTE,1,1.661681621801263e-05,1000.0,1.6452457487084548e-06
1370,ENGENHEIRO DE RISCOS,1,1.661681621801263e-05,1000.0,1.6452457487084548e-06
1371,TECNOLOGO EM ELETRONICA,1,1.661681621801263e-05,1000.0,1.6452457487084548e-06
1372,BRIGADISTA FLORESTAL,1,1.661681621801263e-05,1000.0,1.6452457487084548e-06
1373,TRABALHADOR NA CULTURA DE AMENDOIM,1,1.661681621801263e-05,1000.0,1.6452457487084548e-06
1374,LEILOEIRO,1,1.661681621801263e-05,1000.0,1.6452457487084548e-06
1375,MOTORISTA DE TAXI,1,1.661681621801263e-05,1000.0,1.6452457487084548e-06
1376,APLICADOR DE ASFALTO IMPERMEABILIZANTE (COBERTURAS),1,1.661681621801263e-05,1000.0,1.6452457487084548e-06
1377,PASSADEIRA DE PECAS CONFECCIONADAS,1,1.661681621801263e-05,1000.0,1.6452457487084548e-06
1378,COLCHOEIRO (CONFECCAO DE COLCHOES),1,1.661681621801263e-05,932.06,1.5334677525412023e-06
1379,TRABALHADOR POLIVALENTE DO CURTIMENTO DE COUROS E PELES,1,1.661681621801263e-05,916.0,1.5070451058169446e-06
1380,OPERADOR DE MENSAGENS DE TELECOMUNICACOES (CORREIOS),1,1.661681621801263e-05,901.73,1.483567448982875e-06
1381,INSTALADOR-REPARADOR DE EQUIPAMENTOS DE ENERGIA EM TELEFONIA,1,1.661681621801263e-05,800.0,1.3161965989667637e-06
1382,ECONOMISTA AGROINDUSTRIAL,1,1.661681621801263e-05,800.0,1.3161965989667637e-06
1383,MECANICO DE MANUTENCAO DE INSTALACOES MECANICAS DE EDIFICIOS,1,1.661681621801263e-05,742.85,1.2221708044280757e-06
1384,TECNICO EM MATERIAIS PRODUTOS CERAMICOS E VIDROS,1,1.661681621801263e-05,712.72,1.1725995500194899e-06
1385,TECELAO DE MALHAS (MAQUINA CIRCULAR),1,1.661681621801263e-05,500.0,8.226228743542274e-07
1386,TECNICO EM MADEIRA,1,1.661681621801263e-05,500.0,8.226228743542274e-07
1387,DETETIVE PROFISSIONAL,1,1.661681621801263e-05,407.56,6.705363573436178e-07
1388,SUPERVISOR DE MANUTENCAO DE APARELHOS TERMICOS DE CLIMATIZACAO E DE REFRIGERACAO,1,1.661681621801263e-05,400.0,6.580982994833819e-07
